Job ID,Job URL,Job Title,Company Name,Status,Timestamp,WP ID
6f90ff4150740e38,https://li.linkedin.com/jobs/view/product-manager-f-m-d-at-inficon-4436760609,Product Manager (f/m/d),,scraped,2026-07-07T02:17:33.429493,
799f0c8620dfc99a,https://li.linkedin.com/jobs/view/global-product-manager-at-hilti-group-4405586474,Global Product Manager,,scraped,2026-07-07T02:17:40.556453,
2d3401cfd483594b,https://li.linkedin.com/jobs/view/it-system-administrator-m-w-d-at-hoval-4426953337,IT System Administrator (m/w/d),,scraped,2026-07-07T02:17:47.416265,
df282354c29301ba,https://li.linkedin.com/jobs/view/materials-manager-w-m-d-at-inficon-4434985493,Materials Manager (w/m/d),,scraped,2026-07-07T02:17:54.416069,
adc6689da51fda9c,https://li.linkedin.com/jobs/view/skilehrer-in-at-schneesportschule-malbun-ag-4432799893,Skilehrer/in,,scraped,2026-07-07T02:18:01.220092,
1e10f28232aacd62,https://li.linkedin.com/jobs/view/senior-trust-officer-at-bgp-ag-4426741599,Senior Trust Officer,,scraped,2026-07-07T02:18:07.570715,
61c07550d0f450a4,https://li.linkedin.com/jobs/view/entrepreneur-in-residence-eir-at-the-flex-4436947393,Entrepreneur in Residence (EIR),,scraped,2026-07-07T02:19:20.460818,
6b14585edd799799,https://li.linkedin.com/jobs/view/growth-marketer-at-the-flex-4436769587,Growth Marketer,,scraped,2026-07-07T02:19:27.669677,
568d0683711435a5,https://li.linkedin.com/jobs/view/carrosserielackierer-in-100%25-m-w-d-at-max-heidegger-ag-4433754515,Carrosserielackierer:in 100%  (m/w/d),,scraped,2026-07-07T02:20:38.026903,
7cb352746bef5b72,https://li.linkedin.com/jobs/view/credit-service-manager-60%25-w-m-d-at-lgt-private-banking-4425829190,Credit Service Manager 60% (w/m/d),,scraped,2026-07-07T02:20:45.451969,
0c253a9577a6ba3b,https://li.linkedin.com/jobs/view/senior-people-business-partner-at-remote-4432404468,Senior People Business Partner,,scraped,2026-07-07T02:20:52.071051,
13646d372978ba74,https://li.linkedin.com/jobs/view/detailhandelsfachmann-frau-ersatzteilelager-80-100%25-m-w-d-at-max-heidegger-ag-4433788407,Detailhandelsfachmann/-frau Ersatzteilelager 80 - 100% (m/w/d),,scraped,2026-07-07T02:22:03.916730,
b556fa8ee46d18d8,https://li.linkedin.com/jobs/view/full-stack-developer-m-w-d-100%25-at-csl-corporate-services-est-4437186756,"Full-Stack Developer (m/w/d), 100%",,scraped,2026-07-07T02:22:11.389849,
16f046c16c28ae21,https://li.linkedin.com/jobs/view/senior-trust-officer-m-w-d-at-gassner-personalberatung-est-4435824365,Senior Trust Officer (m/w/d),,scraped,2026-07-07T02:22:19.510192,
3f0551e543a195ec,https://li.linkedin.com/jobs/view/lehre-zur-kauffrau-zum-kaufmann-branche-bank-lehrstart-2027-at-vp-bank-ag-4434388869,Lehre zur Kauffrau / zum Kaufmann Branche Bank - Lehrstart 2027,,scraped,2026-07-07T02:22:26.211976,
4ac7cafbff908665,https://li.linkedin.com/jobs/view/senior-tax-adviser-m-w-d-80%25-100%25-at-first-advisory-4432768991,"(Senior) Tax Adviser (m/w/d, 80%-100%)",,scraped,2026-07-07T02:22:34.047611,
b0d466327c7dcac7,https://li.linkedin.com/jobs/view/gruppenleiter-produktion-all-genders-at-ivoclar-emea-4418821632,Gruppenleiter Produktion (all genders),,scraped,2026-07-07T02:22:43.079425,
109a315e6b11d498,https://li.linkedin.com/jobs/view/kinderbetreuer-in-auf-ski-at-schneesportschule-malbun-ag-4433100874,Kinderbetreuer/in auf Ski,,scraped,2026-07-07T02:24:09.704825,
fae020555351daa7,https://li.linkedin.com/jobs/view/buchhalter-f%C3%BCr-family-office-80-100%25-m-w-d-at-gassner-personalberatung-est-4436168944,Buchhalter für Family Office 80-100% (m/w/d),,scraped,2026-07-07T02:25:19.833913,
84a4f2d50ca394b3,https://li.linkedin.com/jobs/view/kreative-r-koch-k%C3%B6chin-mit-verkaufsgeschick-70-100%25-at-p-feger-ag-4432391041,Kreative(r) Koch/Köchin mit Verkaufsgeschick (70-100%),,scraped,2026-07-07T02:25:26.363067,
2fcbce62d2daedf5,https://li.linkedin.com/jobs/view/senior-engineer-technology-and-innovation-advanced-coating-at-materion-corporation-4427938786,"Senior Engineer Technology and Innovation, Advanced Coating",,scraped,2026-07-07T02:25:34.617832,
f67871b3d4e07970,https://li.linkedin.com/jobs/view/reinigungsmitarbeiter-in-m-w-d-at-vebego-ag-4435525687,Reinigungsmitarbeiter*in (m/w/d),,scraped,2026-07-07T02:26:06.061028,
5fdae657aece5ac0,https://li.linkedin.com/jobs/view/servicetechniker-elektroinstallation-w-m-d-80%E2%80%93100%25-at-etavis-4432792927,Servicetechniker Elektroinstallation (w/m/d) 80–100%,,scraped,2026-07-07T02:26:13.649827,
c1b1dd7c955c9bdb,https://li.linkedin.com/jobs/view/sap-senior-solution-engineer-at-hays-4437150697,SAP Senior Solution Engineer,,scraped,2026-07-07T02:26:23.506054,
3cb2992715948459,https://li.linkedin.com/jobs/view/freelance-software-tester-liechtenstein-at-testlio-4436902986,Freelance Software Tester (Liechtenstein),Testlio,posted,2026-07-07T02:26:40.571486,19
94c4fd9715532c48,https://li.linkedin.com/jobs/view/german-speaking-online-ads-account-manager-in-barcelona-w-relocation-bonus-at-elemental-insights-4435211695,German speaking Online Ads Account Manager in Barcelona w/Relocation Bonus,Elemental Insights,posted,2026-07-07T02:26:57.823458,21
f21de685b699cd19,https://li.linkedin.com/jobs/view/remote-software-engineer-at-turing-4437434656,Remote Software Engineer,Turing,posted,2026-07-07T02:27:14.185294,23
1e01629ecac37bab,https://li.linkedin.com/jobs/view/apotheker-in-mit-selbst%C3%A4ndiger-berufsaus%C3%BCbungsbewilligung-a-10-20%25-at-medbase-gruppe-4432400858,Apotheker:in mit selbständiger Berufsausübungsbewilligung (a) 10 - 20%,,scraped,2026-07-07T02:27:17.112303,
2d7aa6282a268ae5,https://li.linkedin.com/jobs/view/german-language-specialist-freelance-ai-trainer-project-at-meridial-marketplace-by-invisible-4399426418,German Language Specialist - Freelance AI Trainer Project,,scraped,2026-07-07T02:27:25.433480,
fc9600e9b806a2b4,https://li.linkedin.com/jobs/view/remote-software-engineer-at-turing-4437446243,Remote Software Engineer,,scraped,2026-07-07T02:27:38.479172,
e4e9c2550936f010,https://li.linkedin.com/jobs/view/senior-water%E2%80%93agriculture-foresight-expert-at-ntu-international-a-s-4435545778,Senior Water–Agriculture Foresight Expert,,scraped,2026-07-07T02:28:57.808426,
4e07441d3cd9c77c,https://li.linkedin.com/jobs/view/pam-system-engineer-at-llb-banking-4424183487,PAM System Engineer,,scraped,2026-07-07T02:29:05.392024,
febc84d4c7658682,https://li.linkedin.com/jobs/view/salesforce-solution-engineer-at-llb-banking-4414267433,Salesforce Solution Engineer,,scraped,2026-07-07T02:29:17.619510,
70b95bff9722c764,https://li.linkedin.com/jobs/view/senior-agricultural-insurance-and-rural-finance-expert-at-ntu-international-a-s-4436321692,Senior Agricultural Insurance and Rural Finance Expert,,scraped,2026-07-07T02:29:25.544448,
20e4c1b0abed0227,https://li.linkedin.com/jobs/view/senior-client-service-consultant-w-m-d-at-vp-bank-ag-4428004495,Senior Client Service Consultant (w/m/d),,scraped,2026-07-07T02:29:32.789770,
d52ef3ac0df1c467,https://li.linkedin.com/jobs/view/fachberater-in-operational-tax-w-m-d-at-vp-bank-ag-4434191605,Fachberater/in Operational Tax (w/m/d),,scraped,2026-07-07T02:29:40.622626,
fa1444a224d04446,https://li.linkedin.com/jobs/view/abacus-finance-and-power-bi-specialist-80-100%25-f-m-d-at-lgt-private-banking-4427205587,Abacus Finance and Power BI Specialist 80-100% (f/m/d),,scraped,2026-07-07T02:30:52.277031,
713f1179878ea595,https://li.linkedin.com/jobs/view/microsoft-system-engineer-fokus-automation-at-llb-banking-4424181494,Microsoft System Engineer (Fokus Automation),,scraped,2026-07-07T02:30:58.970750,
3592e429d7aad550,https://li.linkedin.com/jobs/view/senior-distributed-systems-engineer-remote-work-ref%23293790-at-bairesdev-4426552439,Senior Distributed Systems Engineer - Remote Work | REF#293790,,scraped,2026-07-07T02:31:10.619619,
74c787306d3048b8,https://li.linkedin.com/jobs/view/apprenticeship-as-a-computer-scientist-with-a-focus-on-application-development-at-lgt-private-banking-4434374902,Apprenticeship as a computer scientist with a focus on application development,,scraped,2026-07-07T02:32:38.052831,
50841833455dd9af,https://li.linkedin.com/jobs/view/bauingenieur-tiefbau-m-w-d-at-bgp-ag-4426730679,Bauingenieur Tiefbau (m/w/d),,scraped,2026-07-07T02:32:44.556457,
ca1495117476f196,https://li.linkedin.com/jobs/view/kundenberater-in-akquisition-markt-deutschland-at-llb-banking-4436744355,Kundenberater:in Akquisition Markt Deutschland,,scraped,2026-07-07T02:32:53.699857,
e92823343589a883,https://li.linkedin.com/jobs/view/senior-compliance-officer-%E2%80%93-afc-risk-policy-at-llb-banking-4427198297,Senior Compliance Officer – AFC Risk & Policy,,scraped,2026-07-07T02:34:09.576212,
62f970fdf1c92226,https://li.linkedin.com/jobs/view/lehre-zur-informatikerin-zum-informatiker-fachrichtung-applikationsentwicklung-lehrstart-2027-at-vp-bank-ag-4434398670,Lehre zur Informatikerin / zum Informatiker (Fachrichtung Applikationsentwicklung) - Lehrstart 2027,,scraped,2026-07-07T02:35:25.370476,
1964076361c38e20,https://li.linkedin.com/jobs/view/lehrstelle-konstrukteur-2027-m-w-d-at-hilti-group-4405124146,Lehrstelle Konstrukteur 2027 m/w/d,,scraped,2026-07-07T02:35:33.708563,
b4bcb1cdc0e9417e,https://li.linkedin.com/jobs/view/senior-sap-solution-engineer-w-m-d-at-vp-bank-ag-4434301316,(Senior) SAP Solution Engineer (w/m/d),,scraped,2026-07-07T02:36:44.399658,
8243a0d9d753de51,https://li.linkedin.com/jobs/view/unterassistent-unterassistentin-innere-medizin-at-landesspital-liechtenstein-4431572152,Unterassistent / Unterassistentin Innere Medizin,,scraped,2026-07-07T02:36:52.839586,
24dd64aeee46a4fb,https://li.linkedin.com/jobs/view/staff-software-engineer-java-remote-work-ref%23290031-at-bairesdev-4420451837,Staff Software Engineer (Java) - Remote Work | REF#290031,,scraped,2026-07-07T02:37:03.526843,
ef1b039a44f0f67b,https://li.linkedin.com/jobs/view/senior-platform-engineer-kubernetes-remote-work-ref%23294052-at-bairesdev-4426569337,Senior Platform Engineer (Kubernetes) - Remote Work | REF#294052,,scraped,2026-07-07T02:37:45.383462,
646c4f265a6c7224,https://li.linkedin.com/jobs/view/unterassistent-unterassistentin-chirurgie-at-landesspital-liechtenstein-4431566209,Unterassistent / Unterassistentin Chirurgie,,scraped,2026-07-07T02:37:59.107876,
80104b3ad08701b5,https://li.linkedin.com/jobs/view/teamleiter-teamleiterin-technische-beschaffung-at-hilcona-ag-4435808430,Teamleiter / Teamleiterin Technische Beschaffung,,scraped,2026-07-07T02:38:10.818432,
71b10b3e27e716e2,https://li.linkedin.com/jobs/view/senior-software-engineer-go-remote-work-ref%23289753-at-bairesdev-4420463573,Senior Software Engineer (Go) - Remote Work | REF#289753,BairesDev,posted,2026-07-07T02:38:28.968304,25
29a6cfe77dc6b35c,https://li.linkedin.com/jobs/view/sachbearbeiter-in-asset-data-w-m-d-at-vp-bank-ag-4434197525,Sachbearbeiter/in Asset Data (w/m/d),,scraped,2026-07-07T02:38:31.855590,
5975b5bf088d14cb,https://li.linkedin.com/jobs/view/team-head-mortgages-outside-liechtenstein-switzerland-80%25-100%25-f-m-d-at-lgt-private-banking-4427201696,Team Head Mortgages outside Liechtenstein & Switzerland 80%-100% (f/m/d),,scraped,2026-07-07T02:38:39.634162,
83573a361498e19b,https://li.linkedin.com/jobs/view/principal-software-engineer-java-remote-work-ref%23290158-at-bairesdev-4420460668,Principal Software Engineer (Java) - Remote Work | REF#290158,,scraped,2026-07-07T02:39:50.248182,
5a95c5f9a28169c8,https://li.linkedin.com/jobs/view/it-systems-manager-at-emcore-%E2%80%93-house-of-asymmetry-4435596902,IT Systems Manager,,scraped,2026-07-07T12:20:17.598343,
23a05fb9f5df92a7,https://li.linkedin.com/jobs/view/gesch%C3%A4ftsf%C3%BChrer-accounting-m-w-d-100%25-at-first-advisory-4432791053,"Geschäftsführer Accounting (m/w/d), 100%",,scraped,2026-07-07T12:20:26.967522,
43e7fccc4f3dcc55,https://li.linkedin.com/jobs/view/senior-product-manager-m-w-d-100%25-at-prismalife-ag-4434543098,Senior Product Manager (m/w/d) 100%,,scraped,2026-07-07T12:20:37.718904,
d2dbb9970d29703e,https://li.linkedin.com/jobs/view/ki-scout-at-first-advisory-4432768993,KI-Scout,,scraped,2026-07-07T12:20:46.708257,
ffb06930b1428610,https://li.linkedin.com/jobs/view/legal-adviser-m-w-d-100%25-at-first-advisory-4432771908,Legal Adviser (m/w/d - 100%),,scraped,2026-07-07T12:20:55.382365,
0ed248a0d59f2103,https://li.linkedin.com/jobs/view/information-technology-system-administrator-at-shaw-daniels-solutions-4434532317,Information Technology System Administrator,,scraped,2026-07-07T12:21:03.641175,
c1bf8e8e283a69f4,https://li.linkedin.com/jobs/view/senior-agri-food-logistics-cold-chain-expert-at-ntu-international-a-s-4436709174,Senior Agri-Food Logistics / Cold Chain Expert,,scraped,2026-07-07T12:21:13.757465,
023c5b4cdcbccf9e,https://li.linkedin.com/jobs/view/produktmanager-w%C3%A4rmeerzeugung-m-w-d-at-hoval-romania-4436032450,Produktmanager Wärmeerzeugung (m/w/d),,scraped,2026-07-07T12:21:21.402744,
9a6a30b4ed784970,https://li.linkedin.com/jobs/view/cnc-fr%C3%A4ser-cam-programmiere-at-poly-tech-4436193495,CNC-Fräser / CAM-Programmiere,POLY-TECH,posted,2026-07-07T12:21:57.504591,27
90686bf98e2ea400,https://li.linkedin.com/jobs/view/senior-climate-adaptation-expert-at-ntu-international-a-s-4435133949,Senior Climate Adaptation Expert,,scraped,2026-07-07T12:22:02.222645,
cc691b8e15d59315,https://li.linkedin.com/jobs/view/sekret%C3%A4r-in-at-schatzmann-partner-rechtsanw%C3%A4lte-4436335704,Sekretär/in,,scraped,2026-07-07T12:22:09.517358,
49ae7cba764eb90d,https://li.linkedin.com/jobs/view/intern-engineering-in-manufacturing-process-optimization-m-f-x-at-hilti-group-4414325060,Intern - Engineering in Manufacturing - Process Optimization (m/f/x),,scraped,2026-07-07T12:22:16.444860,
7c1039be081f28b5,https://li.linkedin.com/jobs/view/german-speaking-customer-support-rep-%E2%80%93-remote-in-greece-relocation-supported-at-fh-collective-academy-4436067182,German Speaking Customer Support Rep – Remote in Greece - Relocation Supported,FH Collective - Academy,posted,2026-07-07T12:22:37.634522,29
11153b3b41bb01a4,https://li.linkedin.com/jobs/view/german-speakers%E2%80%93logistics-delivery-advisor-hybrid-in-bulgaria-relocation-support-at-fh-collective-academy-4437715726,German Speakers–Logistics&Delivery Advisor-Hybrid in Bulgaria-Relocation Support,FH Collective - Academy,posted,2026-07-07T12:22:47.155393,31
44a3cf71a45154b2,https://li.linkedin.com/jobs/view/german-speaking-customer-support-rep-%E2%80%93-remote-in-greece-relocation-supported-at-fh-collective-academy-4436054689,German Speaking Customer Support Rep – Remote in Greece - Relocation Supported,FH Collective - Academy,posted,2026-07-07T12:22:52.518486,29
dc6b684837a3daa7,https://li.linkedin.com/jobs/view/treasury-manager-%E2%80%93-credit-risk-core-treasury-at-hilti-group-4401618989,Treasury Manager – Credit Risk & Core Treasury,,scraped,2026-07-07T12:22:55.402572,
7c2449d9a4b3f475,https://li.linkedin.com/jobs/view/apprenticeship-as-a-computer-scientist-with-a-focus-on-platform-development-at-lgt-private-banking-4434383437,Apprenticeship as a computer scientist with a focus on platform development,,scraped,2026-07-07T12:23:13.877404,
709987c09d76c081,https://li.linkedin.com/jobs/view/distributed-storage-engineer-apache-ozone-internals-remote-work-ref%23294431-at-bairesdev-4426550512,Distributed Storage Engineer (Apache Ozone Internals) - Remote Work | REF#294431,BairesDev,posted,2026-07-07T12:23:26.384217,33
c00bbfb30ae324be,https://li.linkedin.com/jobs/view/teamleiter-globales-auftragszentrum-m-w-d-at-hoval-4425870150,Teamleiter Globales Auftragszentrum (m/w/d),,scraped,2026-07-07T12:23:28.957635,
656d07e8f45c1bc7,https://li.linkedin.com/jobs/view/remote-software-engineer-at-turing-4437428975,Remote Software Engineer,Turing,posted,2026-07-07T12:23:38.026341,23
01f260e8d0c55fcd,https://li.linkedin.com/jobs/view/senior-software-engineer-java-%2B-observability-remote-work-ref%23293959-at-bairesdev-4426564354,Senior Software Engineer (Java + Observability) - Remote Work | REF#293959,BairesDev,posted,2026-07-07T12:23:54.532001,35
45298c3f87294802,https://li.linkedin.com/jobs/view/senior-software-engineer-c%2B%2B-remote-work-ref%23289912-at-bairesdev-4420452835,Senior Software Engineer (C++) - Remote Work | REF#289912,BairesDev,posted,2026-07-07T12:24:08.112062,37
fe00e4d8c515179d,https://li.linkedin.com/jobs/view/mandatsbuchhalter-m-w-d-80-100%25-at-bgp-ag-4426748442,Mandatsbuchhalter (m/w/d) 80-100%,,scraped,2026-07-07T12:24:10.789858,
9aecb467b647219e,https://li.linkedin.com/jobs/view/w%C3%A4rmepumpen-regelungstechniker-m-w-d-at-hoval-4425867165,Wärmepumpen-Regelungstechniker (m/w/d),,scraped,2026-07-07T12:24:22.100295,
948fcd73bbbbddda,https://li.linkedin.com/jobs/view/servicetechniker-elektroinstallation-w-m-d-80%E2%80%93100%25-at-etavis-4433102694,Servicetechniker Elektroinstallation (w/m/d) 80–100%,,scraped,2026-07-07T20:33:33.421578,
2c54c276004f7bc0,https://li.linkedin.com/jobs/view/ehs-compliance-manager-w-m-d-at-inficon-4437840138,EHS Compliance Manager (w/m/d),,scraped,2026-07-07T20:33:42.989908,
4d2348a7fb6e215b,https://li.linkedin.com/jobs/view/information-security-officer-at-llb-banking-4419965464,Information Security Officer,,scraped,2026-07-07T20:33:49.555136,
9b8a00ba50c2d765,https://li.linkedin.com/jobs/view/assistenz-external-asset-managers-at-llb-banking-4426477741,Assistenz External Asset Managers,,scraped,2026-07-07T20:34:00.966494,
faf27582eaebf9a4,https://li.linkedin.com/jobs/view/senior-banking-business-continuity-officer-at-llb-banking-4419956664,Senior / Banking Business Continuity Officer,,scraped,2026-07-07T20:34:12.478145,
238a9e55e1b738e6,https://li.linkedin.com/jobs/view/client-adviser-m-w-d-100%25-at-first-advisory-4432769946,"Client Adviser (m/w/d), 100%",,scraped,2026-07-07T20:34:19.889044,
f09fbf0a2228bb83,https://li.linkedin.com/jobs/view/account-product-manager-m-w-d-at-thyssenkrupp-presta-ag-4434552144,Account/Product Manager (m/w/d),,scraped,2026-07-07T20:34:30.555735,
6416bb53ba73f69d,https://li.linkedin.com/jobs/view/werkstattleiter-in-100%25-m-w-d-at-max-heidegger-ag-4433906956,Werkstattleiter/-in 100% (m/w/d),,scraped,2026-07-07T20:34:37.787523,
61efbbd92f56c04a,https://li.linkedin.com/jobs/view/materials-manager-w-m-d-befristet-1-jahr-at-inficon-4434647043,Materials Manager (w/m/d) - befristet 1 Jahr,,scraped,2026-07-07T20:34:45.206370,
722e31481f78c702,https://li.linkedin.com/jobs/view/wissenschaftler-physiker-m-w-d-at-inficon-4437755979,Wissenschaftler / Physiker (m/w/d),,scraped,2026-07-07T20:34:53.859488,
76c0a16741d4a098,https://li.linkedin.com/jobs/view/german-speaking-digital-sales-specialist-in-barcelona-w-relocation-bonus-at-elemental-insights-4436818047,German speaking Digital Sales Specialist in Barcelona w/Relocation Bonus,Elemental Insights,posted,2026-07-07T20:35:22.398893,39
70df39f648e6e91b,https://li.linkedin.com/jobs/view/group-tax-compliance-officer-w-m-d-at-vp-bank-ag-4428011499,Group Tax Compliance Officer (w/m/d),,scraped,2026-07-07T20:35:26.946056,
f2018d8ac87363ed,https://li.linkedin.com/jobs/view/senior-quality-engineer-java-remote-work-ref%23293855-at-bairesdev-4426565370,Senior Quality Engineer (Java) - Remote Work | REF#293855,BairesDev,posted,2026-07-07T20:35:41.990086,41
3376ada730ef8186,https://li.linkedin.com/jobs/view/credit-advisor-staff-loan-f-m-d-80-100%25-at-lgt-private-banking-4427201723,Credit Advisor Staff Loan (f/m/d) 80-100%,,scraped,2026-07-07T20:35:52.586653,
8c35825a09a74a6a,https://li.linkedin.com/jobs/view/it-system-cyber-security-engineer-a-at-consult-pepper-ag-4422420409,IT System- & Cyber Security Engineer (a),,scraped,2026-07-07T20:35:58.819640,
3f6d3f8da3c13783,https://li.linkedin.com/jobs/view/distributed-systems-engineer-apache-big-data-internals-remote-work-ref%23294477-at-bairesdev-4426548520,Distributed Systems Engineer (Apache Big Data Internals) - Remote Work | REF#294477,BairesDev,posted,2026-07-07T20:36:13.374468,43
85a94c051a4cd33e,https://li.linkedin.com/jobs/view/senior-software-engineer-java-remote-work-ref%23289987-at-bairesdev-4420465441,Senior Software Engineer (Java) - Remote Work | REF#289987,BairesDev,posted,2026-07-07T20:36:20.957628,45
4c35f4caa5c4dfa3,https://li.linkedin.com/jobs/view/senior-java-backend-developer-remote-work-ref%23290291-at-bairesdev-4420468197,Senior Java Backend Developer - Remote Work | REF#290291,BairesDev,posted,2026-07-07T20:36:30.786382,47
b8f2d3243e2c566b,https://li.linkedin.com/jobs/view/engineer-embedded-applications-all-genders-at-ivoclar-emea-4405054549,Engineer Embedded Applications (all genders),Ivoclar EMEA,posted,2026-07-07T20:36:44.683351,49
077db7ecf0f4ae14,https://li.linkedin.com/jobs/view/query-engine-engineer-apache-trino-internals-remote-work-ref%23294385-at-bairesdev-4426557420,Query Engine Engineer (Apache Trino Internals) - Remote Work | REF#294385,BairesDev,posted,2026-07-07T20:36:57.030449,51
6884975c8bd51fe6,https://li.linkedin.com/jobs/view/ai-co-founder-ceo-100-%25-remote-m-f-d-at-ewor-4435487103,AI Co-Founder / CEO (100 % remote) (m/f/d),,scraped,2026-07-08T07:19:16.885668,
f0de2a2f524d9ff5,https://li.linkedin.com/jobs/view/procurement-analyst-at-remote-4437763994,Procurement Analyst,Remote,posted,2026-07-08T07:19:35.923583,63
6407b0c4830a6b4a,https://li.linkedin.com/jobs/view/german-speakers%E2%80%93logistics-delivery-advisor-hybrid-in-bulgaria-relocation-support-at-fh-collective-academy-4437706859,German Speakers–Logistics&Delivery Advisor-Hybrid in Bulgaria-Relocation Support,FH Collective - Academy,posted,2026-07-08T07:20:22.436083,65
01b15bfa143db891,https://li.linkedin.com/jobs/view/produktmanager-w%C3%A4rmeerzeugung-m-w-d-at-hoval-4435446164,Produktmanager Wärmeerzeugung (m/w/d),,scraped,2026-07-08T07:20:32.961630,
74e286ada72ad407,https://li.linkedin.com/jobs/view/intern-or-thesis-student-in-house-consulting-for-supply-chain-management-m-f-x-at-hilti-group-4432397797,Intern or thesis student - In-house Consulting for Supply Chain Management (m/f/x),,scraped,2026-07-08T07:20:48.035843,
aa67bec2e1a9de0d,https://li.linkedin.com/jobs/view/trust-officer-empfang-100%25-4437809279,Trust Officer / Empfang 100%,The Ampersand Trust reg.,posted,2026-07-08T07:21:25.138855,67
2e8e108224b9ba80,https://li.linkedin.com/jobs/view/koch-k%C3%B6chin-b%C3%A4cker-b%C3%A4ckerin-oder-metzger-metzgerin-at-hilcona-ag-4388375485,"Koch / Köchin, Bäcker / Bäckerin oder Metzger / Metzgerin",Hilcona AG,posted,2026-07-08T07:22:01.642733,69
17d52144cf8e4a0a,https://li.linkedin.com/jobs/view/senior-survey-methodology-expert-at-ntu-international-a-s-4437828493,Senior Survey Methodology Expert,,scraped,2026-07-08T07:22:04.237873,
af9c97c39df26c24,https://li.linkedin.com/jobs/view/business-developer-relationship-manager-lawyers-and-trustees-80%E2%80%93100%25-f-m-d-at-lgt-private-banking-4426988785,Business Developer / Relationship Manager Lawyers and Trustees 80–100% (f/m/d),,scraped,2026-07-08T07:22:11.888620,
11deaab17ce51488,https://li.linkedin.com/jobs/view/lehrstelle-automatiker-2027-m-w-d-at-hilti-group-4403744320,Lehrstelle Automatiker 2027 m/w/d,,scraped,2026-07-08T07:22:22.157911,
fd41ee0f5ec6468f,https://li.linkedin.com/jobs/view/lehrstelle-informatiker-in-plattformentwicklung-mit-oder-ohne-berufsmatura-at-llb-banking-4435819368,Lehrstelle Informatiker:in Plattformentwicklung mit oder ohne Berufsmatura,,scraped,2026-07-08T07:22:30.653549,
63e82e9f3f3da33d,https://li.linkedin.com/jobs/view/assistenz-fund-advisory-desk-at-llb-banking-4435804991,Assistenz Fund Advisory Desk,,scraped,2026-07-08T07:22:39.116080,
ac26239fd7cb61bc,https://li.linkedin.com/jobs/view/demand-planer-at-hilcona-ag-4438134318,Demand Planer,Hilcona AG,posted,2026-07-08T07:23:23.566708,71
b76e07bf527070c6,https://li.linkedin.com/jobs/view/wir-suchen%0Azolldeklarant-w-m-d-at-wohlwend-transport-ag-4436445616,"Wir suchen
ZOLLDEKLARANT (W/M/D)",Wohlwend Transport AG,posted,2026-07-08T13:22:46.211829,72
3cb4989a20349216,https://li.linkedin.com/jobs/view/career-start-audit-industry-80-100%25-w-m-d-ab-herbst-2026-at-grant-thornton-switzerland-liechtenstein-4438195667,Career Start Audit Industry 80-100% (w/m/d) ab Herbst 2026,,scraped,2026-07-08T13:22:52.820656,
b51a7aed30d48242,https://li.linkedin.com/jobs/view/third-party-procurement-specialist-m-w-d-at-vp-bank-ag-4430861489,Third Party / Procurement Specialist (m/w/d),,scraped,2026-07-08T13:23:03.940253,
0bec1fdb25912629,https://li.linkedin.com/jobs/view/apprenticeship-as-commercial-fz-d-a-2027-all-genders-at-ivoclar-emea-4437050142,Apprenticeship as Commercial FZ (D&A) 2027 (all genders),Ivoclar EMEA,posted,2026-07-08T13:23:20.901519,74
05d8b70df732ddb4,https://li.linkedin.com/jobs/view/produktmanager-w%C3%A4rmeerzeugung-m-w-d-at-hoval-hrvatska-4437897437,Produktmanager Wärmeerzeugung (m/w/d),,scraped,2026-07-08T13:23:23.557831,
13650eac5d93f587,https://li.linkedin.com/jobs/view/global-segment-manager-m-f-d-at-hilti-group-4432798053,Global Segment Manager (m/f/d),,scraped,2026-07-08T13:23:30.327506,
6b298066e857e44a,https://li.linkedin.com/jobs/view/technical-sales-consultant-m-w-d-at-hoval-4351857064,Technical Sales Consultant (m/w/d),,scraped,2026-07-08T13:23:36.977931,
0c2d6dfc84d186e4,https://li.linkedin.com/jobs/view/tax-specialist-at-emea-recruitment-4435470122,Tax Specialist,,scraped,2026-07-08T13:23:43.668575,
cc22557a0e028017,https://li.linkedin.com/jobs/view/relationship-manager-%E2%80%93-private-wealth-multi-family-office-at-albert-cliff-limited-4434821709,Relationship Manager – Private Wealth & Multi-Family Office,,scraped,2026-07-08T13:23:51.675472,
f9969b6a2878f2c3,https://li.linkedin.com/jobs/view/trust-assistent-in-at-m%C3%BCntener-thomas-personal-und-unternehmensberatung-ag-chur-buchs-4434844128,Trust-Assistent:in,,scraped,2026-07-08T13:23:58.238052,
f9934c18119d8093,https://li.linkedin.com/jobs/view/wissenschaftlicher-mitarbeiter-boden-umwelt-landwirtschaft-m-w-d-80-%E2%80%93-100-%25-at-geochronology-summer-school-4435458590,"Wissenschaftlicher Mitarbeiter Boden-Umwelt-Landwirtschaft (m/w/d, 80 – 100 %)",,scraped,2026-07-08T13:24:11.583354,
7a266523df112f3d,https://li.linkedin.com/jobs/view/staff-java-backend-developer-remote-work-ref%23290337-at-bairesdev-4420454829,Staff Java Backend Developer - Remote Work | REF#290337,BairesDev,posted,2026-07-08T13:24:30.790941,76
c4806e4796e81457,https://li.linkedin.com/jobs/view/juristischer-mitarbeiter-m-w-d-at-liechtenstein-institute-of-professional-trustees-and-fiduciaries-4438213453,Juristischer Mitarbeiter (m/w/d),Liechtensteinische Treuhandkammer,posted,2026-07-08T13:24:43.392443,78
76f32b3ddc51fae4,https://li.linkedin.com/jobs/view/senior-kundenbetreuer-in-%E2%80%93-verm%C3%B6gensverwaltung-at-salmann-investment-management-ag-4438145899,(Senior) Kundenbetreuer/in – Vermögensverwaltung,,scraped,2026-07-08T13:24:45.919410,
4418dcd616d61d5b,https://li.linkedin.com/jobs/view/managing-counsel-commercial-partnerships-at-remote-4436172688,"Managing Counsel, Commercial - Partnerships",Remote,posted,2026-07-08T13:24:59.356032,80
85ea52740711c9e9,https://li.linkedin.com/jobs/view/multimedia-designer-m-w-d-50%25-at-hoval-romania-4437038034,Multimedia Designer (m/w/d) 50%,,scraped,2026-07-08T13:25:01.993660,
fbce34ec0ebefd00,https://li.linkedin.com/jobs/view/elektroinstallateur-w-m-d-80%E2%80%93100%25-at-etavis-4433112175,Elektroinstallateur (w/m/d) 80–100%,,scraped,2026-07-08T13:25:09.093330,
c882d6509e9da6d7,https://li.linkedin.com/jobs/view/hr-spezialist-in-at-hays-4438188498,HR-Spezialist:in,,scraped,2026-07-08T13:25:18.976656,
01f38cc75cadb87f,https://li.linkedin.com/jobs/view/assistant-relationship-manager-80-100%25-f-m-d-at-lgt-private-banking-4426994806,Assistant Relationship Manager 80-100% (f/m/d),,scraped,2026-07-08T13:25:26.088239,
c2e198204506fa2f,https://li.linkedin.com/jobs/view/wir-suchen%0Aberufskraftfahrer-w-m-d-national-fl-ch-und-international-at-wohlwend-transport-ag-4436437989,"Wir suchen
BERUFSKRAFTFAHRER (W/M/D) NATIONAL (FL/CH) UND INTERNATIONAL",Wohlwend Transport AG,posted,2026-07-08T13:25:58.381894,81
af208ff3790a768d,https://li.linkedin.com/jobs/view/senior-agricultural-statistics-expert-at-ntu-international-a-s-4437781039,Senior Agricultural Statistics Expert,,scraped,2026-07-08T13:26:00.949397,
a60b934dc43f4946,https://li.linkedin.com/jobs/view/assistant-relationship-management-trustees-lawyers-80-100%25-f-m-d-at-lgt-private-banking-4426987801,Assistant Relationship Management Trustees & Lawyers 80-100% (f/m/d),,scraped,2026-07-08T13:26:12.210769,
dd525f371a13602c,https://li.linkedin.com/jobs/view/automatiker-prototypenbau-m-w-d-at-hoval-4425865174,Automatiker Prototypenbau (m/w/d),,scraped,2026-07-08T13:26:18.533898,
4c3f7ebe90a47229,https://li.linkedin.com/jobs/view/it-auditor-80-100%25-f-m-d-at-lgt-private-banking-4426986819,IT Auditor 80-100% (f/m/d),,scraped,2026-07-08T13:26:25.461146,
f14bc069e5b9ab73,https://li.linkedin.com/jobs/view/remote-software-engineer-at-turing-4438217021,Remote Software Engineer,Turing,posted,2026-07-08T13:26:36.409397,23
7b08797786776af6,https://li.linkedin.com/jobs/view/remote-software-engineer-at-turing-4438211413,Remote Software Engineer,Turing,scraped,2026-07-08T13:26:40.529783,
905df80cda8c55ff,https://li.linkedin.com/jobs/view/remote-software-engineer-at-turing-4438203821,Remote Software Engineer,Turing,posted,2026-07-08T13:26:47.367480,23
5b8408ede7b69b7e,https://li.linkedin.com/jobs/view/cyber-security-engineer-fokus-vulnerability-management-at-llb-banking-4438185508,Cyber Security Engineer (Fokus Vulnerability Management),,scraped,2026-07-08T13:26:51.924866,
ce09fa51cd674150,https://li.linkedin.com/jobs/view/lehrstelle-logistiker-2027-m-w-d-at-hilti-group-4403741760,Lehrstelle Logistiker 2027 m/w/d,,scraped,2026-07-08T13:26:59.434569,
f09a030da4b071c3,https://li.linkedin.com/jobs/view/praktikum-im-bereich-cfo-befristet-6-12-monate-at-vp-bank-ag-4436060482,Praktikum im Bereich CFO (befristet 6-12 Monate),,scraped,2026-07-08T13:27:07.866138,
0241aaf77b2412c1,https://li.linkedin.com/jobs/view/intern-%E2%80%93-structural-engineer-%E2%80%93-engineering-software-solutions-m-f-x-at-hilti-group-4426836699,Intern – Structural Engineer – Engineering Software Solutions (m/f/x),,scraped,2026-07-08T13:27:15.752400,
f6c9fcde06770fb2,https://li.linkedin.com/jobs/view/senior-value-chain-development-expert-at-ntu-international-a-s-4436385703,Senior Value Chain Development Expert,,scraped,2026-07-08T18:56:42.021878,
fa0d7ec6f20d95d6,https://li.linkedin.com/jobs/view/lead-client-onboarding-manager-80-100%25-at-celsion-bank-ag-4438257436,Lead Client Onboarding Manager (80-100%),,scraped,2026-07-08T18:57:07.935955,
2866274d52703e35,https://li.linkedin.com/jobs/view/client-relationship-officer-trustees-lawyers-80-100%25-m-w-d-at-lgt-private-banking-4438252067,Client Relationship Officer Trustees & Lawyers 80-100% (m/w/d),,scraped,2026-07-08T18:57:43.329650,
7b0bb6122c4593f0,https://li.linkedin.com/jobs/view/lehrstelle-kauffrau-kaufmann-fz-d-a-2027-all-genders-at-ivoclar-emea-4437029924,Lehrstelle Kauffrau / Kaufmann FZ (D&A) 2027 (all genders),Ivoclar EMEA,posted,2026-07-08T18:57:58.372079,83
9183b7ea0b499427,https://li.linkedin.com/jobs/view/ai-video-creator-at-the-flex-4436764952,AI Video Creator,,scraped,2026-07-08T18:58:01.147060,
4d13de8e4988bd65,https://li.linkedin.com/jobs/view/senior-audit-financial-services-100%25-w-m-d-at-grant-thornton-switzerland-liechtenstein-4173964627,Senior Audit Financial Services 100% (w/m/d),,scraped,2026-07-08T18:58:09.113122,
a02fb8c0e372978e,https://li.linkedin.com/jobs/view/fleet-controlling-expert-m-f-x-at-hilti-group-4427349581,Fleet Controlling Expert (m/f/x),,scraped,2026-07-08T18:58:16.749072,
d56a142dd605132a,https://li.linkedin.com/jobs/view/lehrstelle-laborant-in-fz-chemie-2027-all-genders-at-ivoclar-emea-4437040568,Lehrstelle Laborant:in FZ (Chemie) 2027 (all genders),Ivoclar EMEA,posted,2026-07-08T18:58:38.210000,85
8ce80448a77a42bd,https://li.linkedin.com/jobs/view/lehrstelle-elektroniker-in-fz-2027-all-genders-at-ivoclar-emea-4437046325,Lehrstelle Elektroniker:in FZ 2027 (all genders),Ivoclar EMEA,posted,2026-07-08T18:59:00.301731,87
dd148c7466b2735a,https://li.linkedin.com/jobs/view/lead-client-onboarding-manager-80-100%25-at-celsion-bank-ag-4434862520,Lead Client Onboarding Manager (80-100%),,scraped,2026-07-08T23:46:09.947183,
cdd02a54aab6c5f1,https://li.linkedin.com/jobs/view/werkstudent-40-60-%25-nachhaltigkeit-im-strategischen-einkauf-m-w-d-at-hoval-energy-recovery-4435613063,Werkstudent (40-60 %) Nachhaltigkeit im strategischen Einkauf (m/w/d),,scraped,2026-07-08T23:46:18.958751,
28f9e5ad901f0796,https://li.linkedin.com/jobs/view/head-of-it-banking-data-finance-100%25-w-m-d-at-vp-bank-ag-4436886637,Head of IT Banking Data & Finance 100% (w/m/d),,scraped,2026-07-08T23:46:39.715401,
a02148b655978c07,https://li.linkedin.com/jobs/view/apprenticeship-as-electronics-technician-fz-2027-all-genders-at-ivoclar-emea-4437035684,Apprenticeship as Electronics Technician FZ 2027 (all genders),Ivoclar EMEA,posted,2026-07-08T23:47:03.900657,89
24ec46f0551b0913,https://li.linkedin.com/jobs/view/multimedia-designer-m-w-d-50%25-at-hoval-4437031303,Multimedia Designer (m/w/d) 50%,,scraped,2026-07-08T23:47:20.435758,
a9b2708532870ee6,https://li.linkedin.com/jobs/view/multimedia-designer-m-w-d-50%25-at-hoval-energy-recovery-4435602268,Multimedia Designer (m/w/d) 50%,,scraped,2026-07-08T23:47:31.764477,
87f3a4c5fa6084e9,https://li.linkedin.com/jobs/view/paralegal-%E2%80%93-80%25-m-w-d-at-vp-bank-ag-4428006493,Paralegal – 80% (m/w/d),,scraped,2026-07-08T23:47:42.547309,
d2020108ddc7be24,https://li.linkedin.com/jobs/view/associate-audit-industry-80-100%25-w-m-d-ab-herbst-2026-at-grant-thornton-switzerland-liechtenstein-4438190823,Associate Audit Industry 80-100% (w/m/d) ab Herbst 2026,,scraped,2026-07-09T11:27:10.546329,
14214e3ead5be03b,https://li.linkedin.com/jobs/view/apprenticeship-as-laboratory-technician-fz-chemistry-2027-all-genders-at-ivoclar-emea-4437027940,Apprenticeship as Laboratory Technician FZ (Chemistry) 2027 (all genders),Ivoclar EMEA,posted,2026-07-09T11:27:34.483572,91
7e5f65b593c74366,https://li.linkedin.com/jobs/view/werkstudent-40-60-%25-nachhaltigkeit-im-strategischen-einkauf-m-w-d-at-hoval-romania-4437392329,Werkstudent (40-60 %) Nachhaltigkeit im strategischen Einkauf (m/w/d),,scraped,2026-07-09T11:27:47.101781,
9dda54e0b069e134,https://li.linkedin.com/jobs/view/lehrstelle-anlagenf%C3%BChrer-in-fz-2027-all-genders-at-ivoclar-emea-4437032742,Lehrstelle Anlagenführer:in FZ 2027 (all genders),Ivoclar EMEA,posted,2026-07-09T11:28:49.053442,93
e1f3dbf59069f30c,https://li.linkedin.com/jobs/view/multimedia-designer-m-w-d-50%25-at-hoval-hrvatska-4438625325,Multimedia Designer (m/w/d) 50%,,scraped,2026-07-09T18:31:43.493477,
61cf19076830a434,https://li.linkedin.com/jobs/view/konzipient-in-m-w-d-at-stellenwerk-ag-4373438532,Konzipient/in (m/w/d),,scraped,2026-07-09T18:32:15.352486,
5d426df576f2407f,https://li.linkedin.com/jobs/view/produktmanager-w%C3%A4rmeerzeugung-m-w-d-at-hoval-energy-recovery-4435610052,Produktmanager Wärmeerzeugung (m/w/d),,scraped,2026-07-09T18:32:26.902577,
4238fcb0174a5e0e,https://li.linkedin.com/jobs/view/german-speaking-jr-sales-marketing-consultant-in-barcelona-w-relocation-bonus-at-elemental-insights-4437067168,German Speaking Jr Sales & Marketing Consultant in Barcelona w/Relocation Bonus,Elemental Insights,posted,2026-07-09T18:33:05.966616,95
489c45f37867c73c,https://li.linkedin.com/jobs/view/remote-software-engineer-at-turing-4438673857,Remote Software Engineer,Turing,posted,2026-07-09T18:33:11.455945,23
843976e86d1a0355,https://li.linkedin.com/jobs/view/fachkr%C3%A4fte-lebensmittelproduktion-at-hilcona-ag-4388234769,Fachkräfte Lebensmittelproduktion,,scraped,2026-07-09T18:33:18.024841,
5f89505f3f6af7e6,https://li.linkedin.com/jobs/view/gtm-systems-architect-at-remote-4438671920,GTM Systems Architect,Remote,posted,2026-07-09T18:33:35.627790,97
e2451e44cc09f33e,https://li.linkedin.com/jobs/view/senior-tax-compliance-officer-80-100%25-w-m-d-at-bendura-bank-ag-4438598650,Senior Tax Compliance Officer 80-100% (w/m/d),,scraped,2026-07-09T18:33:56.179268,
4ee2ef5e3190ae0d,https://li.linkedin.com/jobs/view/head-brm-clm-services-w-m-d-at-vp-bank-ag-4436061419,Head BRM & CLM Services (w/m/d),,scraped,2026-07-09T18:34:03.917355,
4a675c38ba0db467,https://li.linkedin.com/jobs/view/ui-ux-designer-%E2%80%93-digital-banking-at-llb-banking-4438594727,UI / UX Designer – Digital Banking,,scraped,2026-07-09T23:55:10.019851,
8bba3fbd0402743b,https://li.linkedin.com/jobs/view/assistant-private-banking-asia-100%25-f-m-d-at-bendura-bank-ag-4438595761,Assistant Private Banking Asia 100% (f/m/d),,scraped,2026-07-09T23:55:22.341265,
8e0caa718fa653a3,https://li.linkedin.com/jobs/view/managing-director-a-standortleiter-in-mit-fokus-operations-%E2%80%93-electronics-100%25-at-consult-pepper-ag-4438587244,Managing Director (a) / Standortleiter :in mit Fokus Operations – Electronics (100%),,scraped,2026-07-09T23:55:40.230055,
42cc65497e80f439,https://li.linkedin.com/jobs/view/assistent-in-eam-schweiz-international-m-w-d-at-vp-bank-ag-4435407239,Assistent/in EAM Schweiz & International (m/w/d),,scraped,2026-07-09T23:55:47.229654,
cb1cf5a48f074efe,https://li.linkedin.com/jobs/view/mitarbeiter-kunden-und-vermittlerservice-m-w-d-100%25-at-prismalife-ag-4433191224,Mitarbeiter Kunden- und Vermittlerservice (m/w/d) 100%,,scraped,2026-07-10T11:25:14.186593,
5f9d8b9d25bec882,https://li.linkedin.com/jobs/view/lean-manager-manufacturing-50%25-m-f-x-at-hilti-group-4435903572,Lean Manager Manufacturing 50% (m/f/x),,scraped,2026-07-10T11:25:30.502209,
6787a7152fc0e02d,https://li.linkedin.com/jobs/view/automobilverk%C3%A4ufer-%C5%A1koda-m-w-d-80-100%25-at-amag-group-4434493982,Automobilverkäufer Škoda (m/w/d) 80-100%,,scraped,2026-07-10T11:25:51.475030,
31697a8afae3a7cf,https://li.linkedin.com/jobs/view/head-of-global-customs-and-export-operations-at-hilti-group-4407767856,Head of Global Customs and Export Operations,,scraped,2026-07-10T11:26:15.203760,
bdde21a62b7175b5,https://li.linkedin.com/jobs/view/remote-software-engineer-at-turing-4438670828,Remote Software Engineer,Turing,posted,2026-07-10T11:26:36.813800,23
8bd7c4d543030803,https://li.linkedin.com/jobs/view/%E2%80%8B%E2%80%8Bintern-%E2%80%93-talent-acquisition-headquarters-at-hilti-group-4417658925,Intern – Talent Acquisition Headquarters,,scraped,2026-07-10T18:10:06.295235,
857684e77d61fc2b,https://li.linkedin.com/jobs/view/housekeeping-attendant-all-genders-nur-wochenende-im-stundenlohn-20-30%25-at-b-smart-4436037297,Housekeeping Attendant (all genders) nur Wochenende - im Stundenlohn 20-30%,,scraped,2026-07-10T18:10:21.058522,
dde6d5e8ca94360e,https://li.linkedin.com/jobs/view/gtm-product-manager-at-remote-4438671920,GTM Product Manager,Remote,posted,2026-07-10T18:10:41.094299,99
c7244341493eabfc,https://li.linkedin.com/jobs/view/regulatory-compliance-specialist-70%25-w-m-d-at-lgt-private-banking-4426988781,Regulatory Compliance Specialist 70% (w/m/d),,scraped,2026-07-10T18:10:43.651678,
6be2b83da88780e1,https://li.linkedin.com/jobs/view/remote-software-engineer-at-turing-4439313083,Remote Software Engineer,Turing,posted,2026-07-10T18:11:04.443136,23
48c634fd8018bc73,https://li.linkedin.com/jobs/view/remote-software-engineer-at-turing-4439097549,Remote Software Engineer,Turing,posted,2026-07-10T18:11:09.318243,23
3f3633c94fb65ea8,https://li.linkedin.com/jobs/view/career-start-audit-financial-services-80-100%25-w-m-d-at-grant-thornton-switzerland-liechtenstein-4173964625,Career Start Audit Financial Services 80-100% (w/m/d),,scraped,2026-07-10T18:11:11.898050,
5c8503fc68e23a1d,https://li.linkedin.com/jobs/view/werkstudent-40-60-%25-nachhaltigkeit-im-strategischen-einkauf-m-w-d-at-hoval-4437078308,Werkstudent (40-60 %) Nachhaltigkeit im strategischen Einkauf (m/w/d),,scraped,2026-07-10T18:11:18.913239,
8bb581432867e046,https://li.linkedin.com/jobs/view/remote-software-engineer-at-turing-4439303324,Remote Software Engineer,Turing,scraped,2026-07-10T18:11:27.718351,
8d0c0743c53aefd0,https://li.linkedin.com/jobs/view/kundenbetreuer-in-at-m%C3%BCntener-thomas-personal-und-unternehmensberatung-ag-chur-buchs-4434816830,Kundenbetreuer:in,,scraped,2026-07-10T18:11:32.324886,
bc846b0387f78859,https://li.linkedin.com/jobs/view/senior-audit-industry-80-100%25-w-m-d-ab-herbst-2026-at-grant-thornton-switzerland-liechtenstein-4438199497,Senior Audit Industry 80-100% (w/m/d) ab Herbst 2026,,scraped,2026-07-11T07:24:46.207950,
81e681d8edb491a8,https://li.linkedin.com/jobs/view/mitarbeiter-in-f%C3%BCr-umzug-r%C3%A4umungen-und-reinigung-mit-b%C3%BCroarbeiten-at-fessler-anstalt-4439533994,"Mitarbeiter/in für Umzug, Räumungen und Reinigung mit Büroarbeiten",,scraped,2026-07-11T11:34:00.147681,
6068cb8c14f84214,https://li.linkedin.com/jobs/view/projektleiter-boden-umwelt-landwirtschaft-80-100-%25-at-agroterraconsultag-4436647899,Projektleiter Boden-Umwelt-Landwirtschaft 80 - 100 %,,scraped,2026-07-11T11:34:13.738541,
6089928cde71fa98,https://li.linkedin.com/jobs/view/research-assistant-all-genders-at-ivoclar-emea-4405057481,Research Assistant (all genders),Ivoclar EMEA,posted,2026-07-11T11:35:00.791446,101
a889e64c4a1139e1,https://li.linkedin.com/jobs/view/senior-fachberater-in-data-management-m-w-d-at-vp-bank-ag-4431460665,Senior Fachberater/in Data Management (m/w/d),,scraped,2026-07-11T11:35:11.316557,
ddfa31a8c921fdf3,https://li.linkedin.com/jobs/view/mitarbeiter-in-fuhrpark-hq-m-w-d-at-hilti-group-4427821777,Mitarbeiter:in Fuhrpark HQ (m/w/d),,scraped,2026-07-11T18:41:16.960451,
eb20d4cfc4622074,https://li.linkedin.com/jobs/view/retention-management-specialist-mensch-mit-liebe-zu-incentivierung-w-m-d-80-100%25-at-liechtenstein-life-prosperity-4439146425,Retention Management Specialist - Mensch mit Liebe zu Incentivierung (w/m/d) 80-100%,,scraped,2026-07-14T00:13:10.063743,
a94b87150701f30e,https://li.linkedin.com/jobs/view/werkstudent-40-60-%25-nachhaltigkeit-im-strategischen-einkauf-m-w-d-at-hoval-hrvatska-4438622436,Werkstudent (40-60 %) Nachhaltigkeit im strategischen Einkauf (m/w/d),,scraped,2026-07-14T00:13:27.287863,
646f89b01514ae06,https://li.linkedin.com/jobs/view/assistant-relationship-manager-eam-80-100%25-f-m-d-vaduz-at-lgt-private-banking-4439408177,"Assistant Relationship Manager EAM 80-100% (f/m/d), Vaduz",,scraped,2026-07-14T00:13:36.576487,
4f5812f48d88f6da,https://li.linkedin.com/jobs/view/head-of-risk-management-mensch-mit-liebe-zur-weiterentwicklung-von-risikostrategien-w-m-d-80-100%25-at-liechtenstein-life-prosperity-4439136600,Head of Risk Management - Mensch mit Liebe zur Weiterentwicklung von Risikostrategien (w/m/d) 80-100%,,scraped,2026-07-14T00:13:57.148221,
c9cf774327682156,https://li.linkedin.com/jobs/view/senior-manager-audit-financial-services-w-m-d-at-grant-thornton-switzerland-liechtenstein-4192274550,(Senior) Manager Audit Financial Services (w/m/d),,scraped,2026-07-14T00:14:14.320866,
2c9a7108d5a74974,https://li.linkedin.com/jobs/view/junior-product-manager-m-w-d-100%25-at-prismalife-ag-4438418788,(Junior) Product Manager (m/w/d) 100%,,scraped,2026-07-21T06:42:39.182397,
f62a3a12d03726d5,https://li.linkedin.com/jobs/view/wholesale-demand-planner-ceean-at-swarovski-4441670299,Wholesale Demand Planner CEEAN,SWAROVSKI,posted,2026-07-21T06:42:59.636386,103
b071062301e9ffe1,https://li.linkedin.com/jobs/view/nachwuchsf%C3%BChrungskr%C3%A4fte-retail-at-coop-4433238000,Nachwuchsführungskräfte Retail,,scraped,2026-07-21T06:43:04.242231,
e0e5840ab36b69b0,https://li.linkedin.com/jobs/view/third-party-procurement-specialist-m-w-d-at-vp-bank-ag-4443081720,Third Party / Procurement Specialist (m/w/d),,scraped,2026-07-21T06:43:11.426590,
456751466d6a9925,https://li.linkedin.com/jobs/view/transportation-operations-coordinator-at-hilti-group-4432258628,Transportation Operations Coordinator,,scraped,2026-07-21T06:43:19.344974,
6bb4772c570d5649,https://li.linkedin.com/jobs/view/officer-payment-investigations-80-100%25-f-m-d-at-lgt-private-banking-4441339452,Officer Payment Investigations 80-100% (f/m/d),,scraped,2026-07-21T06:43:26.016824,
59faf3377937e598,https://li.linkedin.com/jobs/view/mechanical-technician-test-support-m-f-d-886544-1-at-hays-4442720824,Mechanical Technician / Test Support (m/f/d) - 886544/1,,scraped,2026-07-21T06:43:32.359260,
3cbab0d7262c468e,https://li.linkedin.com/jobs/view/technical-assistant-all-genders-at-ivoclar-emea-4440726928,Technical Assistant (all genders),Ivoclar EMEA,posted,2026-07-21T06:43:47.706092,105
ce125f24d0217ad9,https://li.linkedin.com/jobs/view/steuerberater-in-m-w-d-80-100%25-at-actus-ag-4439603291,Steuerberater/in (m/w/d) - 80-100%,,scraped,2026-07-21T06:43:50.251606,
cd8efee01212c607,https://li.linkedin.com/jobs/view/procurement-manager-%E2%80%93-direct-fastening-at-hilti-group-4418772243,Procurement Manager – Direct Fastening,,scraped,2026-07-21T06:43:58.926574,
03caf52f317b8e7a,https://li.linkedin.com/jobs/view/compliance-administrator-fixed-term-contract-24-months-m-f-d-at-lgt-private-banking-4440996542,"Compliance Administrator (Fixed-Term Contract, 24 Months) (m/f/d)",,scraped,2026-07-21T06:44:05.770455,
174dbc86aaa71858,https://li.linkedin.com/jobs/view/junior-client-service-consultant-w-m-d-at-vp-bank-ag-4443076818,Junior Client Service Consultant (w/m/d),,scraped,2026-07-21T06:44:12.056731,
15fd417dd82a9b1d,https://li.linkedin.com/jobs/view/wissenschaftliche-r-assistent-in-doktorand-in-im-bereich-volkswirtschaftslehre-50-%25-m-w-d-at-universit%C3%A4t-liechtenstein-4440212515,Wissenschaftliche:r Assistent:in (Doktorand:in) im Bereich Volkswirtschaftslehre 50 % (m/w/d),Universität Liechtenstein,posted,2026-07-21T06:44:28.382105,107
896e0be9f9e9ae24,https://li.linkedin.com/jobs/view/intern-%E2%80%93-tribology-test-engineer-%E2%80%93-research-development-m-f-x-at-hilti-group-4432261526,Intern – Tribology Test Engineer – Research & Development (m/f/x),,scraped,2026-07-21T06:44:30.947493,
d3a39a8051e6bc8f,https://li.linkedin.com/jobs/view/head-of-information-security-and-grc-at-fieldwire-by-hilti-4366041634,Head of Information Security and GRC,Fieldwire by Hilti,posted,2026-07-21T06:44:43.551054,109
f5a792c2e7d35205,https://li.linkedin.com/jobs/view/schweisser-m-w-d-100%25-at-cnc-mechanik-ag-4441667837,Schweisser (m/w/d) 100%,,scraped,2026-07-21T06:44:46.133230,
b79d34d694855d59,https://li.linkedin.com/jobs/view/global-trainee-program-outperformer-finance-track-m-f-x-at-hilti-group-4439219840,Global Trainee Program - Outperformer Finance Track (m/f/x),,scraped,2026-07-21T06:44:52.953901,
664455c6460502e2,https://li.linkedin.com/jobs/view/architect-cad-construction-documentation-remote-at-yo-it-consulting-4444764929,Architect CAD & Construction Documentation - Remote,,scraped,2026-07-28T06:40:18.300662,
d18e7f98c6d1bd29,https://li.linkedin.com/jobs/view/biology-expert-remote-at-yo-it-consulting-4444861626,Biology Expert - Remote,,scraped,2026-07-28T06:40:24.595309,
0e19d4b5e6ce3edc,https://li.linkedin.com/jobs/view/executive-associate-to-the-chairman-at-roarington-4443342801,Executive Associate to the Chairman,,scraped,2026-07-28T06:40:31.159018,
71c06328bf3072b9,https://li.linkedin.com/jobs/view/chemistry-expert-remote-at-yo-it-consulting-4444699686,Chemistry Expert - Remote,,scraped,2026-07-28T06:40:38.883910,
fcdfc4be5471969e,https://li.linkedin.com/jobs/view/logistics-supply-chain-management-expert-remote-at-yo-it-consulting-4444815549,Logistics & Supply Chain Management Expert - Remote,,scraped,2026-07-28T06:40:45.435138,
9307e9d67c5243d9,https://li.linkedin.com/jobs/view/contract-specialist-remote-at-yo-it-consulting-4444808618,Contract Specialist - Remote,,scraped,2026-07-28T06:40:51.633334,
6997c2c71eee6402,https://li.linkedin.com/jobs/view/lab-technician-chemistry-m-w-d-at-thyssenkrupp-dynamic-components-teccenter-ag-4441546951,Lab Technician Chemistry (m/w/d),,scraped,2026-07-28T06:40:57.880789,
54e8327e461f4600,https://li.linkedin.com/jobs/view/general-counsel-remote-at-yo-it-consulting-4444785117,General Counsel - Remote,,scraped,2026-07-28T06:41:06.534159,
a62b93d6890b11d0,https://li.linkedin.com/jobs/view/mechanical-engineer-expert-remote-at-yo-it-consulting-4444769765,Mechanical Engineer Expert - Remote,,scraped,2026-07-28T06:41:13.230307,
a2d3bdb270bdb8cd,https://li.linkedin.com/jobs/view/electrical-engineer-expert-remote-at-yo-it-consulting-4444292898,Electrical Engineer Expert - Remote,,scraped,2026-07-28T06:41:19.595717,
ce3398e6082c86ee,https://li.linkedin.com/jobs/view/engineer-scientist-pre-register-at-european-patent-office-4440440935,Engineer / Scientist (pre-register),,scraped,2026-07-28T06:41:31.694309,
11146c0f8bfac922,https://li.linkedin.com/jobs/view/rust-software-developer-remote-at-yo-it-consulting-4444698648,Rust Software Developer - Remote,,scraped,2026-07-28T06:41:39.189002,
8d8f52736df74222,https://li.linkedin.com/jobs/view/catia-v5-design-engineer-m-f-d-%E2%80%93-886575-1-at-hays-4443764733,CATIA V5 Design Engineer (m/f/d) – 886575/1,,scraped,2026-07-28T06:41:45.429562,
9cdc8c74af1ca6c1,https://li.linkedin.com/jobs/view/mita%C2%ADrbeiter-in-lager-verlad-at-natura-stein-ag-4441013392,MITA­RBEITER/IN LAGER / VERLAD,,scraped,2026-07-28T06:41:53.292108,
25e5fe273c0b3abb,https://li.linkedin.com/jobs/view/leiter-in-rezeption-m-w-d-100-%25-at-gorfion-familienhotel-liechtenstein-4442866602,Leiter:in Rezeption m/w/d | 100 %,,scraped,2026-07-28T06:42:02.051669,
8196a7345ade515c,https://li.linkedin.com/jobs/view/payroll-specialist-lead-netherlands-at-remote-4443961088,Payroll Specialist Lead - Netherlands,Remote,posted,2026-07-28T06:42:22.516053,111
3142d9b448c8a473,https://li.linkedin.com/jobs/view/german-audio-recording-specialist-remote-at-crossing-hurdles-4443778443,German Audio Recording Specialist | Remote,Crossing Hurdles,posted,2026-07-28T06:42:30.615891,113
d66b1a2946110517,https://li.linkedin.com/jobs/view/client-data-administrator-80-100%25-w-m-d-at-bendura-bank-ag-4443379104,Client Data Administrator 80-100% (w/m/d),,scraped,2026-07-28T06:42:33.210255,
59b410f62287704f,https://li.linkedin.com/jobs/view/product-communication-manager-all-genders-at-ivoclar-emea-4422030702,Product Communication Manager (all genders),Ivoclar EMEA,posted,2026-07-28T06:42:46.858165,115
91ab34cd18a7a818,https://li.linkedin.com/jobs/view/konstrukteur-catia-v5-m-w-d-886575-1-at-hays-4443779110,Konstrukteur Catia V5 (m/w/d) - 886575/1,,scraped,2026-07-28T06:42:51.412714,
3c46b06d09deb956,https://li.linkedin.com/jobs/view/remote-cfo-advisors-at-turing-4445173198,Remote CFO Advisors,Turing,posted,2026-07-28T06:43:03.755769,117
76fc35cf8ffcc863,https://li.linkedin.com/jobs/view/apprenticeship-as-a-commercial-clerk-at-lgt-private-banking-4434385236,Apprenticeship as a Commercial Clerk,,scraped,2026-07-28T06:43:08.319651,
f61c6018be78d061,https://li.linkedin.com/jobs/view/gesch%C3%A4ftsf%C3%BChrer-in-mit-fokus-operations-%E2%80%93-mechatronics-at-consult-pepper-ag-4438587244,Geschäftsführer :in mit Fokus Operations – Mechatronics,,scraped,2026-07-28T06:43:14.864721,
aeed8eb6c0f45fe3,https://li.linkedin.com/jobs/view/sachbearbeiter-steuern-4442807368,Sachbearbeiter Steuern,Gemeinde Triesenberg,posted,2026-07-28T06:43:29.757201,119
43cc9bc330bd0b90,https://li.linkedin.com/jobs/view/konstrukteur-in-at-hays-4443773571,Konstrukteur:in,,scraped,2026-07-28T06:43:32.256993,
a102ceea18e6adeb,https://li.linkedin.com/jobs/view/betriebsinstallateur-betriebsinstallateurin-at-hilcona-ag-4444925457,Betriebsinstallateur / Betriebsinstallateurin,,scraped,2026-07-28T06:43:43.280502,
5a65a1043cf53403,https://li.linkedin.com/jobs/view/technical-assistant-all-genders-at-ivoclar-emea-4440736609,Technical Assistant (all genders),Ivoclar EMEA,posted,2026-07-28T06:43:54.962298,105
4ddefa9811fe634b,https://li.linkedin.com/jobs/view/rechtsanwalt-m-w-d-litigation-white-collar-crime-at-chaberton-professionals-4440470880,Rechtsanwalt (m/w/d) Litigation & White Collar Crime,,scraped,2026-07-28T06:43:57.647418,
680f7d501cd416a9,https://li.linkedin.com/jobs/view/lehrstelle-bankkauffrau-bankkaufmann-mit-oder-ohne-berufsmatura-at-llb-banking-4435820331,Lehrstelle Bankkauffrau / Bankkaufmann mit oder ohne Berufsmatura,,scraped,2026-07-28T06:44:08.357663,
4ec5e9b4de1cb754,https://li.linkedin.com/jobs/view/produktmanager-in-at-bgp-ag-4447014552,Produktmanager:in,,scraped,2026-08-04T06:41:22.104460,
af8dd61537507431,https://li.linkedin.com/jobs/view/skilehrer-in-at-schneesportschule-malbun-ag-4445815061,Skilehrer/in,,scraped,2026-08-04T06:41:31.239379,
7446d708a8acf152,https://li.linkedin.com/jobs/view/fahrzeugpfleger-in-fahrzeugaufbereiter-in-100%25-at-automobile-meier-ag-4445747372,Fahrzeugpfleger/in & Fahrzeugaufbereiter/in (100%),,scraped,2026-08-04T06:41:41.137482,
7133152294c46437,https://li.linkedin.com/jobs/view/it-administrator-at-roarington-4443287346,IT Administrator,,scraped,2026-08-04T06:41:48.242383,
0f2c8fc5ff79a120,https://li.linkedin.com/jobs/view/carrosserielackierer-in-100%25-m-w-d-at-max-heidegger-ag-4446255004,Carrosserielackierer:in 100%  (m/w/d),,scraped,2026-08-04T06:41:55.465237,
567349f1c3e9db19,https://li.linkedin.com/jobs/view/iam-operations-manager-m-w-d-at-vp-bank-ag-4446969406,IAM Operations Manager (m/w/d),,scraped,2026-08-04T06:42:04.928356,
381cee775089d54a,https://li.linkedin.com/jobs/view/fund-accountant-private-equity-at-lgt-capital-partners-4414931412,Fund Accountant - Private Equity,,scraped,2026-08-04T06:42:12.704245,
f6493790a4cfc969,https://li.linkedin.com/jobs/view/operational-excellence-lean-manager-all-genders-at-ivoclar-emea-4447964894,Operational Excellence (LEAN) Manager (all genders),Ivoclar EMEA,posted,2026-08-04T06:42:28.584444,121
25a5b48e3283624e,https://li.linkedin.com/jobs/view/senior-freecad-engineer-remote-at-yo-it-consulting-4446995320,Senior FreeCAD Engineer - Remote,,scraped,2026-08-04T06:42:31.287122,
1f6a5481971a0a90,https://li.linkedin.com/jobs/view/operational-excellence-lean-manager-all-genders-at-ivoclar-emea-4447974396,Operational Excellence (LEAN) Manager (all genders),Ivoclar EMEA,scraped,2026-08-04T06:42:39.378410,
6f2f1168a8583454,https://li.linkedin.com/jobs/view/head-of-accounting-at-abena-personalmanagement-4445514349,Head of Accounting,,scraped,2026-08-04T06:42:41.905758,
789ce4c9f67ef2b3,https://li.linkedin.com/jobs/view/senior-media-relations-manager-%E2%80%93-global-corporate-communications-m-f-x-at-hilti-group-4445510631,Senior Media Relations Manager  – Global Corporate Communications [m/f/x],,scraped,2026-08-04T06:42:52.370470,
9b096114ae5e8ab1,https://li.linkedin.com/jobs/view/lehrstelle-als-kaufmann-m-w-d-at-liechtensteinische-landesverwaltung-4447145598,Lehrstelle als Kaufmann (m/w/d),Liechtensteinische Landesverwaltung,posted,2026-08-04T06:43:08.544702,123
b7eab70c9d7037fe,https://li.linkedin.com/jobs/view/german-audio-qa-annotation-specialist-at-pt-talenta-eksekutif-asia-4444500561,German Audio QA Annotation Specialist,PT Talenta Eksekutif Asia,posted,2026-08-04T06:43:17.672343,125
acffeddc1a9b347c,https://li.linkedin.com/jobs/view/projekt-und-prozessmanager-in-at-bgp-ag-4446590432,Projekt- und Prozessmanager:in,,scraped,2026-08-04T06:43:20.203161,
74ebbef3179dca81,https://li.linkedin.com/jobs/view/lehrstelle-als-informatiker-fz-fachrichtung-plattformentwicklung-m-w-d-at-liechtensteinische-landesverwaltung-4447142669,Lehrstelle als Informatiker FZ Fachrichtung Plattformentwicklung (m/w/d),Liechtensteinische Landesverwaltung,posted,2026-08-04T06:43:38.143893,127
fcd95a87f94b6d9a,https://li.linkedin.com/jobs/view/head-of-it-banking-data-finance-100%25-w-m-d-at-vp-bank-ag-4446266918,Head of IT Banking Data & Finance 100% (w/m/d),,scraped,2026-08-04T06:43:40.702544,
4ec765eb6d47fc11,https://li.linkedin.com/jobs/view/mitarbeiter-qualit%C3%A4tskontrolle-100%25-gn-at-oerlikon-4447528558,Mitarbeiter Qualitätskontrolle 100% (gn),,scraped,2026-08-04T06:43:48.616559,
c8e3d7f2d8b15b8c,https://li.linkedin.com/jobs/view/student-support-%E2%80%93-ai-automation-implementation-finance-60-80%25-at-lgt-capital-partners-4444545633,Student Support – AI & Automation Implementation Finance (60-80%),,scraped,2026-08-04T06:43:56.789232,
995f56a611922eb9,https://li.linkedin.com/jobs/view/lehrstelle-als-informatiker-fz-fachrichtung-applikationsentwicklung-m-w-d-at-liechtensteinische-landesverwaltung-4447146548,Lehrstelle als Informatiker FZ Fachrichtung Applikationsentwicklung (m/w/d),Liechtensteinische Landesverwaltung,posted,2026-08-04T06:44:12.815864,129
859e4d9f19253bce,https://li.linkedin.com/jobs/view/abacus-finance-and-power-bi-specialist-80-100%25-f-m-d-at-lgt-private-banking-4448157412,Abacus Finance and Power BI Specialist 80-100% (f/m/d),,scraped,2026-08-04T06:44:15.593301,
0068753e928e5f2c,https://li.linkedin.com/jobs/view/german-language-reviewer-ai-project-remote-at-crossing-hurdles-4444599089,German Language Reviewer - AI Project| Remote,Crossing Hurdles,posted,2026-08-04T06:44:27.648533,131
8738aa313a3e9185,https://li.linkedin.com/jobs/view/wissenschaftliche-r-assistent-in-im-bereich-daten-und-anwendungsicherheit-50-%25-m-w-d-at-universit%C3%A4t-liechtenstein-4443274761,Wissenschaftliche:r Assistent:in im Bereich Daten- und  Anwendungsicherheit 50 % (m/w/d),Universität Liechtenstein,posted,2026-08-04T06:44:38.579001,133
7b9e3e0498af1249,https://li.linkedin.com/jobs/view/german-language-specialist-remote-at-crossing-hurdles-4444575962,German Language Specialist | Remote,Crossing Hurdles,posted,2026-08-04T06:44:46.342666,135
f4e5769cdca6d4a3,https://li.linkedin.com/jobs/view/senior-compliance-business-analyst-w-m-d-at-vp-bank-ag-4446954655,(Senior) Compliance Business Analyst (w/m/d),,scraped,2026-08-04T06:44:48.936000,
0f4e3267512e732c,https://li.linkedin.com/jobs/view/microsoft-system-engineer-at-llb-banking-4447527860,Microsoft System Engineer,,scraped,2026-08-04T06:44:58.454501,
db54b3ca5c4be2b4,https://li.linkedin.com/jobs/view/detailhandelsfachfrau-mann-assistent-in-at-coop-4447408883,Detailhandelsfachfrau:mann / -assistent:in,,scraped,2026-08-04T06:45:06.277766,
4d99102999679aab,https://li.linkedin.com/jobs/view/spezialisten-tax-compliance-at-bgp-ag-4446730671,Spezialisten Tax Compliance,,scraped,2026-08-04T06:45:13.451851,
fd1a8c7c186d538b,https://li.linkedin.com/jobs/view/relationship-manager-external-asset-managers-market-liechtenstein-80-100%25-f-m-d-at-lgt-private-banking-4429364626,Relationship Manager External Asset Managers Market Liechtenstein 80-100% (f/m/d),,scraped,2026-08-04T06:45:21.918215,
ff7a00023733b545,https://li.linkedin.com/jobs/view/kundenbetreuer-in-at-m%C3%BCntener-thomas-personal-und-unternehmensberatung-ag-chur-buchs-4444125246,Kundenbetreuer:in,,scraped,2026-08-04T06:45:28.809193,
8abcebac93b6cde2,https://li.linkedin.com/jobs/view/detailhandelsfachfrau-mann-assistent-in-at-coop-4447410902,Detailhandelsfachfrau:mann / -assistent:in,,scraped,2026-08-04T06:45:36.408387,
21c28c0963a0eb33,https://li.linkedin.com/jobs/view/baumaschinenmechaniker-f%C3%BCr-mobil-schreitbagger-m-w-d-at-kaiser-ag-4418146221,Baumaschinenmechaniker für Mobil-Schreitbagger (m/w/d),,scraped,2026-08-04T06:45:43.172838,
a8c30888b27ac817,https://li.linkedin.com/jobs/view/leiter-wirtschaftspr%C3%BCfung-w-m-d-at-abena-personalmanagement-4445094179,Leiter Wirtschaftsprüfung w/m/d,,scraped,2026-08-04T06:45:50.652984,
512697a3708ee444,https://li.linkedin.com/jobs/view/lehrstelle-detailhandelsfachfrau-mann-aftersales-efz-2027-at-amag-group-4447754053,Lehrstelle Detailhandelsfachfrau/-mann Aftersales EFZ 2027,,scraped,2026-08-04T06:45:57.526857,
34a4fa51681b00ec,https://li.linkedin.com/jobs/view/detailhandelsassistent-in-eba-at-coop-4447407940,Detailhandelsassistent:in EBA,,scraped,2026-08-04T06:46:06.993831,
a0650160f0dfc900,https://li.linkedin.com/jobs/view/detailhandelsfachfrau-mann-efz-%C2%ABgestalten-von-einkaufserlebnissen%C2%BB-at-coop-4447412766,Detailhandelsfachfrau:mann EFZ «Gestalten von Einkaufserlebnissen»,,scraped,2026-08-04T06:46:13.735698,
35505d186015fac5,https://li.linkedin.com/jobs/view/detailhandelsfachfrau-mann-efz-%C2%ABgestalten-von-einkaufserlebnissen%C2%BB-at-interdiscount-4447408888,Detailhandelsfachfrau:mann EFZ «Gestalten von Einkaufserlebnissen»,Interdiscount,posted,2026-08-04T06:46:31.615666,137
5e8ab51544ea0e97,https://li.linkedin.com/jobs/view/kv-lehrstelle-efz-2027-w-m-d-generalagentur-vaduz-at-die-mobiliar-4392670483,KV Lehrstelle EFZ 2027 (w/m/d) Generalagentur Vaduz,,scraped,2026-08-04T06:46:34.400212,
ae20e15cb3bc48c5,https://li.linkedin.com/jobs/view/schaler-100%25-m-w-d-at-jobcourier-ch-4450922837,Schaler 100% (m/w/d),,scraped,2026-08-10T23:09:46.191714,
c1192f196da4345e,https://li.linkedin.com/jobs/view/supply-chain-specialist-at-jobcourier-ch-4450928696,Supply Chain Specialist,,scraped,2026-08-10T23:09:52.933224,
871c9b5c5b11cc4b,https://li.linkedin.com/jobs/view/logistiker-m-w-d-at-kaiser-france-4448944291,Logistiker (m/w/d),,scraped,2026-08-10T23:09:59.792632,
dc510c297ab992c6,https://li.linkedin.com/jobs/view/it-system-administrator-m-w-d-at-hoval-united-kingdom-4450097348,IT System Administrator (m/w/d),,scraped,2026-08-10T23:10:09.791085,
af16fd07b7470100,https://li.linkedin.com/jobs/view/produktionsplaner-avor-at-materion-corporation-4451554829,Produktionsplaner AVOR,Materion Corporation,posted,2026-08-10T23:10:26.910996,139
c460305926362395,https://li.linkedin.com/jobs/view/production-specialist-m-f-x-at-hilti-group-4448034037,Production Specialist (m/f/x),,scraped,2026-08-10T23:10:29.479408,
ed1aa515053bf58b,https://li.linkedin.com/jobs/view/it-system-administrator-m-w-d-at-hoval-france-4450694701,IT System Administrator (m/w/d),,scraped,2026-08-10T23:10:38.239010,
87c30e0b407363a5,https://li.linkedin.com/jobs/view/nb-kanalbr%C3%BCcke-und-gartnetschweg-triesen-at-hoch-gassner-ag-4449418475,"NB Kanalbrücke und Gartnetschweg, Triesen",,scraped,2026-08-10T23:10:45.478452,
4e7fa928ddd2d983,https://li.linkedin.com/jobs/view/relationship-manager-liechtenstein-at-sygnum-bank-4434234920,Relationship Manager (Liechtenstein),,scraped,2026-08-10T23:10:52.659838,
b49fddbe45cc600c,https://li.linkedin.com/jobs/view/account-documentation-client-data-specialist-at-efg-international-4439835785,Account Documentation & Client Data Specialist,EFG International,posted,2026-08-10T23:11:11.131948,141
8777d8ae1fafa81c,https://li.linkedin.com/jobs/view/technical-sales-consultant-m-w-d-at-hoval-france-4450705484,Technical Sales Consultant (m/w/d),,scraped,2026-08-10T23:11:14.015382,
fbb1aeb8a32d837d,https://li.linkedin.com/jobs/view/produktmanager-w%C3%A4rmeerzeugung-m-w-d-at-hoval-romania-4448587704,Produktmanager Wärmeerzeugung (m/w/d),,scraped,2026-08-10T23:11:21.240156,
db267aca5c1f7b75,https://li.linkedin.com/jobs/view/carrosserielackierer-m-w-d-80-100%25-at-amag-occasions-center-schaffhausen-4448849614,Carrosserielackierer (m/w/d) 80-100%,AMAG Occasions Center Schaffhausen,posted,2026-08-10T23:11:37.424670,143
e57f59c3f06b3a13,https://li.linkedin.com/jobs/view/iam-operations-manager-m-w-d-at-vp-fund-solutions-4450328053,IAM Operations Manager (m/w/d),,scraped,2026-08-10T23:11:40.370149,
d31709aa5e96f5ec,https://li.linkedin.com/jobs/view/detailhandelsfachmann-frau-ersatzteilelager-80-100%25-m-w-d-at-max-heidegger-ag-4446629479,Detailhandelsfachmann/-frau Ersatzteilelager 80 - 100% (m/w/d),,scraped,2026-08-10T23:11:48.916715,
a74a88734129a4f9,https://li.linkedin.com/jobs/view/sicherheitsmitarbeitende-m-w-d-at-securitas-liechtenstein-ag-4449457730,Sicherheitsmitarbeitende (m/w/d),,scraped,2026-08-10T23:11:56.959971,
320dd74e150d0a92,https://li.linkedin.com/jobs/view/mandatsleiter-in-wirtschaftspr%C3%BCfung-at-lirex-ag-4451557420,Mandatsleiter/in Wirtschaftsprüfung,,scraped,2026-08-10T23:12:04.928309,
876f002f058ed39a,https://li.linkedin.com/jobs/view/werkstattleiter-in-100%25-m-w-d-at-max-heidegger-ag-4447374363,Werkstattleiter/-in 100% (m/w/d),,scraped,2026-08-10T23:12:14.889746,
baeae4df7ace03a2,https://li.linkedin.com/jobs/view/leiter-in-prozessmanagement-at-llb-banking-4448883570,Leiter:in Prozessmanagement,,scraped,2026-08-10T23:12:22.652494,
633307e6d388786c,https://li.linkedin.com/jobs/view/bereichsleitung-invalidit%C3%A4t-100-%25-mitglied-der-gesch%C3%A4ftsleitung-at-wilhelm-ag-4448827206,Bereichsleitung Invalidität (100 %) Mitglied der Geschäftsleitung,,scraped,2026-08-10T23:12:34.986240,
ec55712e7931f3bb,https://li.linkedin.com/jobs/view/lehre-als-baumaschinenmechaniker-fz-m-w-d-at-kaiser-france-4448944292,Lehre als Baumaschinenmechaniker FZ (m/w/d),,scraped,2026-08-10T23:12:52.563036,
c5fa405fa7a59a0e,https://li.linkedin.com/jobs/view/mitglied-der-gesch%C3%A4ftsleitung-compliance-officer-fintech-payment-m-w-d-100%25-at-payrexx-%E2%80%93-digital-payments-4448736174,"Mitglied der Geschäftsleitung & Compliance Officer - Fintech/Payment (m/w/d), 100%",,scraped,2026-08-10T23:13:00.643768,
f332f0f734e69320,https://li.linkedin.com/jobs/view/international-sales-marketing-manager-for-medical-it-solution-at-innoforce-4451074811,International Sales & Marketing Manager for medical IT Solution,,scraped,2026-08-10T23:13:07.184795,
0e1caf1a2590d2eb,https://li.linkedin.com/jobs/view/unterassistent-unterassistentin-innere-medizin-at-landesspital-liechtenstein-4447355134,Unterassistent / Unterassistentin Innere Medizin,,scraped,2026-08-10T23:13:15.943427,
b081a3c75ba0089c,https://li.linkedin.com/jobs/view/corporate-legal-counsel-at-addexpert-gmbh-4449557030,Corporate Legal Counsel,,scraped,2026-08-10T23:13:27.137189,
d53dc40a701483c1,https://li.linkedin.com/jobs/view/leiter-in-buchhaltung-at-gassner-personalberatung-est-4450714068,Leiter:in Buchhaltung,,scraped,2026-08-10T23:13:39.494641,
91d41d912267eef9,https://li.linkedin.com/jobs/view/sekret%C3%A4r-in-gemeindeschule-50-%25-at-gemeinde-ruggell-4448305252,Sekretär/in Gemeindeschule 50 %,,scraped,2026-08-10T23:13:46.323352,
9bbb6fec9a72ed70,https://li.linkedin.com/jobs/view/ai-safety-specialist-fully-remote-upto-%2470-hr-at-mercor-4451312845,AI Safety Specialist - Fully Remote | Upto $70/hr,Mercor,posted,2026-08-10T23:14:02.502458,145
f45a78bb8cf90b5e,https://li.linkedin.com/jobs/view/head-of-quality-headquarters-plant-m-f-x-at-hilti-group-4448409955,Head of Quality - Headquarters Plant (m/f/x),,scraped,2026-08-10T23:14:05.114171,
1bf7af7e486fbce6,https://li.linkedin.com/jobs/view/automobil-fachfrau-fachmann-efz-at-jobcourier-ch-4450933343,Automobil-Fachfrau / -Fachmann EFZ,,scraped,2026-08-10T23:14:11.804225,
585b7537e37a98ec,https://li.linkedin.com/jobs/view/sachbearbeiter-in-asset-data-w-m-d-at-vp-fund-solutions-4450304967,Sachbearbeiter/in Asset Data (w/m/d),,scraped,2026-08-10T23:14:18.485967,
e260f7d28fa9d4a4,https://li.linkedin.com/jobs/view/head-of-department-global-it-enterprise-excellence-all-genders-at-ivoclar-emea-4439440562,Head of Department Global IT Enterprise Excellence (all genders),Ivoclar EMEA,posted,2026-08-10T23:14:34.322134,147
a7b5a7d183c5a505,https://li.linkedin.com/jobs/view/w%C3%A4rmepumpen-regelungstechniker-m-w-d-at-hoval-united-kingdom-4450095385,Wärmepumpen-Regelungstechniker (m/w/d),,scraped,2026-08-10T23:14:36.961872,
0b14664ac0bb527d,https://li.linkedin.com/jobs/view/chief-compliance-officer-at-edenthorpe-search-4448884964,Chief Compliance Officer,,scraped,2026-08-10T23:14:44.096235,
72a8805d302f9be3,https://li.linkedin.com/jobs/view/werkzeug-spezialist-f%C3%BCr-den-bereich-tool-engineering-support-m-w-d-at-hilti-group-4449541534,Werkzeug-Spezialist für den Bereich Tool Engineering-Support (m/w/d),,scraped,2026-08-10T23:14:50.459237,
a9923e28eae76abc,https://li.linkedin.com/jobs/view/w%C3%A4rmepumpen-regelungstechniker-m-w-d-at-hoval-france-4450705488,Wärmepumpen-Regelungstechniker (m/w/d),,scraped,2026-08-10T23:14:56.981636,
4f757369c1f30ca1,https://li.linkedin.com/jobs/view/werkstudent-40-60-%25-nachhaltigkeit-im-strategischen-einkauf-m-w-d-at-hoval-united-kingdom-4450093376,Werkstudent (40-60 %) Nachhaltigkeit im strategischen Einkauf (m/w/d),,scraped,2026-08-10T23:15:04.624345,
e440183f68aa1ecb,https://li.linkedin.com/jobs/view/automobil-mechatroniker-m-w-d-80-100%25-at-amag-occasions-center-schaffhausen-4448841806,Automobil Mechatroniker (m/w/d) 80-100%,AMAG Occasions Center Schaffhausen,posted,2026-08-10T23:15:20.869110,149
a02cd85ea88a1f59,https://li.linkedin.com/jobs/view/senior-fachberater-in-data-management-m-w-d-at-vp-fund-solutions-4450307729,Senior Fachberater/in Data Management (m/w/d),,scraped,2026-08-10T23:15:23.608181,
ff4c02a910efaa69,https://li.linkedin.com/jobs/view/lehrstelle-automobil-mechatroniker-in-efz-2027-at-amag-occasions-center-schaffhausen-4448844783,Lehrstelle Automobil-Mechatroniker/-in EFZ 2027,AMAG Occasions Center Schaffhausen,posted,2026-08-10T23:15:39.380904,151
23cd3c8792086cb0,https://li.linkedin.com/jobs/view/mandatsbuchhalterin-50-%25-at-gassner-personalberatung-est-4440516942,Mandatsbuchhalterin 50 %,,scraped,2026-08-10T23:15:42.189965,
868e6e2b633964bf,https://li.linkedin.com/jobs/view/lehrstelle-automobil-mechatroniker-in-efz-2027-at-amag-occasions-center-schaffhausen-4448838911,Lehrstelle Automobil-Mechatroniker/-in EFZ 2027,AMAG Occasions Center Schaffhausen,posted,2026-08-10T23:15:51.631986,151
3e3e78e1ec8bd16e,https://li.linkedin.com/jobs/view/intern-environmental-health-safety-m-f-x-at-hilti-group-4438712692,Intern - Environmental Health & Safety (m/f/x),,scraped,2026-08-10T23:15:54.304876,
cb3c5f28654fef33,https://li.linkedin.com/jobs/view/intern-%E2%80%93-global-product-information-management-m-f-x-at-hilti-group-4432253685,Intern – Global Product Information Management (m/f/x),,scraped,2026-08-10T23:16:01.071808,
92bfb4d336d51288,https://li.linkedin.com/jobs/view/intern-%E2%80%93-bim-cad-engineering-software-solutions-m-f-x-at-hilti-group-4448461138,Intern – BIM/CAD Engineering Software Solutions (m/f/x),,scraped,2026-08-10T23:16:07.829551,
67ca5127eebd11d9,https://li.linkedin.com/jobs/view/dipl-pflegefachfrau-mann-hf-fh-60-100%25-at-landesspital-liechtenstein-4448798620,Dipl. Pflegefachfrau/mann HF/FH 60-100%,,scraped,2026-08-10T23:16:14.457230,
ca92bcd705045911,https://li.linkedin.com/jobs/view/intern-%E2%80%93-dashboarding-digital-learning-solutions-m-f-x-at-hilti-group-4438715285,Intern – Dashboarding & Digital Learning Solutions (m/f/x),,scraped,2026-08-10T23:16:25.712697,
763c26e073671513,https://li.linkedin.com/jobs/view/senior-partnerships-manager-at-remote-4451977117,Senior Partnerships Manager,Remote,posted,2026-08-17T21:43:10.780026,153
f9fde2d33affde2f,https://li.linkedin.com/jobs/view/cx-operations-manager-tooling-at-remote-4454323735,"CX Operations Manager, Tooling",Remote,posted,2026-08-17T21:43:19.099244,155
ab78c6375687acd8,https://li.linkedin.com/jobs/view/wirtschaftspr%C3%BCfer-in-at-walser-personal-management-4450135163,Wirtschaftsprüfer:in,,scraped,2026-08-17T21:43:23.745522,
7b91152937106acb,https://li.linkedin.com/jobs/view/head-of-global-compliance-investigations-m-f-x-at-hilti-group-4441544850,Head of Global Compliance Investigations (m/f/x),,scraped,2026-08-17T21:43:33.170219,
b538503d289d498a,https://li.linkedin.com/jobs/view/verk%C3%A4ufer-in-food-at-coop-4452970968,Verkäufer:in Food,,scraped,2026-08-17T21:43:39.822966,
ce6f73ce1a292834,https://li.linkedin.com/jobs/view/teamleiter-teamleiterin-technische-beschaffung-at-bell-schweiz-ag-4450124222,Teamleiter / Teamleiterin Technische Beschaffung,,scraped,2026-08-17T21:43:53.148218,
0577201bc443450b,https://li.linkedin.com/jobs/view/it-security-engineer-m-w-d-at-rocken%C2%AE-4454242926,IT Security Engineer (m/w/d),,scraped,2026-08-17T21:44:01.024791,
65276ba50cf44fa4,https://li.linkedin.com/jobs/view/group-tax-compliance-officer-w-m-d-at-vp-fund-solutions-4451457761,Group Tax Compliance Officer (w/m/d),,scraped,2026-08-17T21:44:11.440471,
5fcb33b655871dae,https://li.linkedin.com/jobs/view/mandatsleiter-in-wirtschaftspr%C3%BCfung-at-lirex-ag-4453080998,Mandatsleiter/in Wirtschaftsprüfung,,scraped,2026-08-17T21:44:19.724388,
f1c3b982126b6324,https://li.linkedin.com/jobs/view/lehrstelle-2027-physiklaborant-fz-w-m-d-at-inficon-4455323610,Lehrstelle 2027 - Physiklaborant FZ (w/m/d),,scraped,2026-08-17T21:44:29.021197,
b7821ff70f0ab279,https://li.linkedin.com/jobs/view/anlagen-und-maschinenbediener-in-oberfl%C3%A4chenbehandlung-und-gl%C3%BChen-m-w-d-at-thyssenkrupp-presta-ag-4452256628,Anlagen- und Maschinenbediener:in Oberflächenbehandlung und Glühen (m/w/d),,scraped,2026-08-17T21:44:35.788739,
f9c5120e8fe5b978,https://li.linkedin.com/jobs/view/shop-verk%C3%A4ufer-in-schaan-at-th%C3%B6mus-ag-4453749250,SHOP-VERKÄUFER/IN Schaan,Thömus AG,posted,2026-08-17T21:44:53.071775,157
df74e51e606f5272,https://li.linkedin.com/jobs/view/senior-client-service-consultant-w-m-d-at-vp-bank-ag-4453027768,Senior Client Service Consultant (w/m/d),,scraped,2026-08-17T21:44:55.689373,
f24bd5fddfaac021,https://li.linkedin.com/jobs/view/head-of-operations-at-efg-international-4443399340,Head of Operations,EFG International,posted,2026-08-17T21:45:14.170597,159
cef7a7b5f5f34a18,https://li.linkedin.com/jobs/view/detailhandelsfachfrau-mann-at-interdiscount-4454232247,Detailhandelsfachfrau:mann,Interdiscount,posted,2026-08-17T21:45:29.893047,161
75cf7db802df5d33,https://li.linkedin.com/jobs/view/language-specialist-%2450-hr-remote-at-crossing-hurdles-4452910550,Language Specialist | $50/hr Remote,Crossing Hurdles,posted,2026-08-17T21:45:39.205021,163
f8e1fe145820afdb,https://li.linkedin.com/jobs/view/english-language-expert-at-sme-careers-4425605895,English Language Expert,SME Careers,posted,2026-08-17T21:45:47.213415,165
d9f29454dfc0aa41,https://li.linkedin.com/jobs/view/senior-full-stack-developer-c%23-net-m-w-d-%E2%80%93-festanstellung-vaduz-liechten-at-swisslinx-4451902496,"Senior Full-Stack Developer C# / .NET (m/w/d) – Festanstellung | Vaduz, Liechten",,scraped,2026-08-17T21:45:49.842523,
4af0e1ef71f4e1e1,https://li.linkedin.com/jobs/view/accountant-at-sme-careers-4425610857,Accountant,SME Careers,posted,2026-08-17T21:46:04.601798,167
43be3b8f3c1f086a,https://li.linkedin.com/jobs/view/german-speaking-online-ads-account-manager-in-barcelona-w-relocation-bonus-at-elemental-insights-4454237425,German speaking Online Ads Account Manager in Barcelona w/Relocation Bonus,Elemental Insights,posted,2026-08-17T21:46:09.698944,21
f9d6be509fbd89e2,https://li.linkedin.com/jobs/view/german-speaking-digital-sales-specialist-in-barcelona-w-relocation-bonus-at-elemental-insights-4453704004,German speaking Digital Sales Specialist in Barcelona w/Relocation Bonus,Elemental Insights,posted,2026-08-17T21:46:14.986304,39
28884ab58323cf4f,https://li.linkedin.com/jobs/view/automatiker-automatikerin-fz-at-hilcona-ag-4454300485,Automatiker / Automatikerin FZ,,scraped,2026-08-17T21:46:23.616516,
fafbc042a5f008c2,https://li.linkedin.com/jobs/view/lebensmitteltechnologe-lebensmitteltechnologin-fz-at-hilcona-ag-4454095497,Lebensmitteltechnologe / Lebensmitteltechnologin FZ,,scraped,2026-08-17T21:46:31.145120,
8107d1e0131a8d58,https://li.linkedin.com/jobs/view/senior-client-service-consultant-w-m-d-at-vp-fund-solutions-4451972339,Senior Client Service Consultant (w/m/d),,scraped,2026-08-17T21:46:38.599513,
1a2fc3af68277cbf,https://li.linkedin.com/jobs/view/fertigungsfachkraft-f%C3%BCr-das-stanzpressen-im-bereich-metalld%C3%BCbelfertigung-m-w-d-at-hilti-group-4450484880,Fertigungsfachkraft für das Stanzpressen im Bereich Metalldübelfertigung (m/w/d),,scraped,2026-08-17T21:46:46.922279,
5f1c64db0bdd007d,https://li.linkedin.com/jobs/view/paralegal-%E2%80%93-80%25-m-w-d-at-vp-fund-solutions-4451475684,Paralegal – 80% (m/w/d),,scraped,2026-08-17T21:46:53.532576,
35153191fb31252a,https://li.linkedin.com/jobs/view/ict-fachmann-ict-fachfrau-fz-at-hilcona-ag-4454031703,ICT-Fachmann / ICT-Fachfrau FZ,,scraped,2026-08-17T21:47:01.567845,
2abf216a2b29af99,https://li.linkedin.com/jobs/view/produktionsspezialist-umformung-im-bereich-metalld%C3%BCbelfertigung-m-w-d-at-hilti-group-4437682489,Produktionsspezialist Umformung im Bereich Metalldübelfertigung (m/w/d),,scraped,2026-08-17T21:47:08.885312,
e3fad779bf135f1e,https://li.linkedin.com/jobs/view/lehre-zur-informatikerin-zum-informatiker-fachrichtung-applikationsentwicklung-lehrstart-2027-at-vp-fund-solutions-4455260796,Lehre zur Informatikerin / zum Informatiker (Fachrichtung Applikationsentwicklung) - Lehrstart 2027,,scraped,2026-08-17T21:47:15.474427,
6a9b338f0b6dd9ed,https://li.linkedin.com/jobs/view/operational-process-specialist-procurement-w-m-d-at-inficon-4456737722,Operational Process Specialist Procurement (w/m/d),,scraped,2026-08-24T21:45:37.122639,
6ef3bfdf15cd6f35,https://li.linkedin.com/jobs/view/it-system-administrator-m-w-d-4455572776,IT System Administrator (m/w/d),Hoval Aktiengesellschaft,posted,2026-08-24T21:45:49.889471,169
f10d947e6f86f770,https://li.linkedin.com/jobs/view/third-party-procurement-specialist-m-w-d-at-vp-bank-ag-4454470176,Third Party / Procurement Specialist (m/w/d),,scraped,2026-08-24T21:45:54.475684,
3f1035cfd7bf4bce,https://li.linkedin.com/jobs/view/sales-business-development-associate-at-fintalent-com-4453427659,Sales & Business Development Associate,,scraped,2026-08-24T21:46:02.147000,
695969e3956b88fb,https://li.linkedin.com/jobs/view/projekteink%C3%A4ufer-mechanik-100%25-gn-at-oerlikon-4455737803,Projekteinkäufer Mechanik 100% (gn),Oerlikon,posted,2026-08-24T21:46:22.316496,170
c563b44ee278acd3,https://li.linkedin.com/jobs/view/car-expert-skoda-cupra-seat-m-w-d-80-100%25-at-amag-group-4454040693,Car Expert Skoda & CUPRA/SEAT (m/w/d) 80-100%,,scraped,2026-08-24T21:46:28.900351,
7f5b21ee9749df94,https://li.linkedin.com/jobs/view/credit-officer-at-bgp-ag-4456149853,Credit Officer,,scraped,2026-08-24T21:46:36.109926,
0a2f8b8c722fa2c2,https://li.linkedin.com/jobs/view/head-of-department-global-it-enterprise-excellence-all-genders-at-ivoclar-emea-4439438572,Head of Department Global IT Enterprise Excellence (all genders),Ivoclar EMEA,posted,2026-08-24T21:46:46.917439,147
d6e0e4625e8c07a0,https://li.linkedin.com/jobs/view/b2b-sales-manager-schweiz-%E2%80%93-premium-travel-m-w-d-at-mayer-personalmanagement-gmbh-4456879009,B2B Sales Manager Schweiz – Premium Travel (m/w/d),,scraped,2026-08-24T21:46:53.340695,
8e62b0013544e9b4,https://li.linkedin.com/jobs/view/full-stack-developer-m-w-d-at-csl-corporate-services-est-4455591541,Full-Stack Developer (m/w/d),,scraped,2026-08-24T21:47:00.039993,
d342af25623e7b86,https://li.linkedin.com/jobs/view/senior-credit-risk-analyst-at-m%C3%BCntener-thomas-personal-und-unternehmensberatung-ag-chur-buchs-4455854186,Senior Credit Risk Analyst,,scraped,2026-08-24T21:47:09.647128,
855b985820852f7d,https://li.linkedin.com/jobs/view/detailhandelsassistent-in-eba-at-coop-4447407922,Detailhandelsassistent:in EBA,,scraped,2026-08-24T21:47:17.207577,
0f34f4b35bd0117e,https://li.linkedin.com/jobs/view/audio-annotation-trainer-german-remote-at-crossing-hurdles-4444588543,Audio Annotation Trainer (German) | Remote,Crossing Hurdles,posted,2026-08-24T21:47:30.644729,172
b1b4825b7fce8be1,https://li.linkedin.com/jobs/view/german-speaking-digital-sales-specialist-in-barcelona-w-relocation-bonus-at-elemental-insights-4455472977,German speaking Digital Sales Specialist in Barcelona w/Relocation Bonus,Elemental Insights,posted,2026-08-24T21:47:35.519287,39
691b94bf55973c2a,https://li.linkedin.com/jobs/view/junior-client-service-consultant-w-m-d-at-vp-bank-ag-4454479144,Junior Client Service Consultant (w/m/d),,scraped,2026-08-24T21:47:40.061126,
ff0c778ec22f2b27,https://li.linkedin.com/jobs/view/account-manager-trustees-lawyers-m-w-d-at-vp-bank-ag-4454462188,Account Manager Trustees & Lawyers (m/w/d),,scraped,2026-08-24T21:47:47.658640,
90e4ea8c9ee320c9,https://li.linkedin.com/jobs/view/account-manager-fund-custodian-services-m-w-d-at-vp-bank-ag-4456623763,Account Manager Fund Custodian Services (m/w/d),,scraped,2026-08-24T21:47:55.160865,
7d14c6c21f41af0a,https://li.linkedin.com/jobs/view/senior-risk-manager-m-w-d-%E2%80%93-edelmetallbank-standort-liechtenstein-at-philoro-invest-ag-4456229415,"Senior Risk Manager (m/w/d) – Edelmetallbank, Standort Liechtenstein",Philoro Invest AG,posted,2026-08-24T21:48:14.564289,174
7386bed58c7bd59e,https://li.linkedin.com/jobs/view/digital-campaign-operations-manager-m-f-x-at-hilti-group-4457266174,Digital Campaign Operations Manager (m/f/x),,scraped,2026-09-01T00:38:39.138316,
ca104679482c060e,https://li.linkedin.com/jobs/view/institutional-sales-for-crypto-digital-assets-at-rulematch-4457282072,Institutional Sales for Crypto & Digital Assets,,scraped,2026-09-01T00:38:46.022948,
7a038c756072bd6d,https://li.linkedin.com/jobs/view/technical-assistant-all-genders-at-ivoclar-emea-4457259791,Technical Assistant (all genders),Ivoclar EMEA,posted,2026-09-01T00:38:57.848113,105
4d53a62ee204909b,https://li.linkedin.com/jobs/view/people-culture-business-partner-at-inficon-4460365972,People & Culture Business Partner,,scraped,2026-09-01T00:39:00.440487,
a5119a71a8349a32,https://li.linkedin.com/jobs/view/iam-operations-manager-m-w-d-at-vp-bank-ag-4457691041,IAM Operations Manager (m/w/d),,scraped,2026-09-01T00:39:09.291028,
d90a36e222729648,https://li.linkedin.com/jobs/view/wirtschaftspr%C3%BCfer-in-at-walser-personal-management-4456578526,Wirtschaftsprüfer:in,,scraped,2026-09-01T00:39:17.227104,
ba3153f1001c94df,https://li.linkedin.com/jobs/view/senior-compliance-business-analyst-w-m-d-at-vp-bank-ag-4457668631,(Senior) Compliance Business Analyst (w/m/d),,scraped,2026-09-01T00:39:24.543990,
4ef972f3a40cb07d,https://li.linkedin.com/jobs/view/reservation-service-center-night-agent-all-genders-at-b-smart-4458956427,Reservation & Service Center Night Agent (all genders),,scraped,2026-09-01T00:39:32.503391,
e3e990ac3bf03fcb,https://li.linkedin.com/jobs/view/spezialist-in-zahlungsverkehr-at-gassner-personalberatung-est-4458733570,Spezialist:in Zahlungsverkehr,,scraped,2026-09-01T00:39:42.316303,
920874f06135ce7c,https://li.linkedin.com/jobs/view/verantwortlicher-ki-systeme-ki-entwicklung-m-w-d-at-liechtensteinische-landesverwaltung-4458627465,Verantwortlicher KI-Systeme / KI-Entwicklung (m/w/d),Liechtensteinische Landesverwaltung,posted,2026-09-01T00:40:05.522732,176
2bdb34cc426b035f,https://li.linkedin.com/jobs/view/investment-process-specialist-mensch-mit-liebe-zu-kapitalanlagen-gl%C3%BCcklichen-kunden-w-m-d-80-100%25-at-liechtenstein-life-prosperity-4457477107,Investment Process Specialist - Mensch mit Liebe zu Kapitalanlagen & glücklichen Kunden (w/m/d) 80-100%,,scraped,2026-09-01T00:40:10.133023,
0d1092331c182c2c,https://li.linkedin.com/jobs/view/senior-business-compliance-officer-80-100%25-w-m-d-at-bendura-bank-ag-4461061562,(Senior) Business Compliance Officer 80-100% (w/m/d),,scraped,2026-09-01T00:40:18.901903,
84dcc34f36f7d556,https://li.linkedin.com/jobs/view/juristischer-mitarbeiter-m-w-d-at-liechtenstein-institute-of-professional-trustees-and-fiduciaries-4458702369,Juristischer Mitarbeiter (m/w/d),Liechtensteinische Treuhandkammer,posted,2026-09-01T00:40:31.826948,78
8f97c4ad9b10985a,https://li.linkedin.com/jobs/view/client-data-administrator-80-100%25-w-m-d-at-bendura-bank-ag-4461040872,Client Data Administrator 80-100% (w/m/d),,scraped,2026-09-01T00:40:34.462032,
8c861d86ba3e503c,https://li.linkedin.com/jobs/view/gouvernante-leitung-housekeeping-m-w-d-100%25-at-gorfion-familienhotel-liechtenstein-4457701064,Gouvernante / Leitung Housekeeping m/w/d 100%,,scraped,2026-09-01T00:40:41.548010,
5b4c35bb0f284bdf,https://li.linkedin.com/jobs/view/kinderbetreuer-in-auf-ski-at-schneesportschule-malbun-ag-4459224801,Kinderbetreuer/in auf Ski,,scraped,2026-09-01T00:40:52.313279,
055afee912983ae8,https://li.linkedin.com/jobs/view/teilzeitmitarbeit-durch-dipl-physiotherapeut-in-at-physioswiss-4459492906,Teilzeitmitarbeit durch dipl. Physiotherapeut/in,,scraped,2026-09-01T00:40:58.354077,
3696d7ba947e1484,https://li.linkedin.com/jobs/view/leiter-in-hauswirtschaft-at-liechtensteinische-alters-und-krankenhilfe-lak-4459818408,Leiter/-in Hauswirtschaft,,scraped,2026-09-01T00:41:07.096145,
1a696cff8f746b5e,https://li.linkedin.com/jobs/view/language-specialist-%2450-hr-remote-at-crossing-hurdles-4459768616,Language Specialist | $50/hr Remote,Crossing Hurdles,posted,2026-09-01T00:41:16.031219,163
a0e88281c9e62e39,https://li.linkedin.com/jobs/view/snoop-dogg%E2%80%99s-international-ice-cream-taster-at-dr-bombay-bosslady-foods-4458628137,Snoop Dogg’s International Ice Cream Taster,Dr.Bombay / Bosslady Foods,posted,2026-09-01T00:41:25.392282,178
2d28a85a8247941e,https://li.linkedin.com/jobs/view/it-system-engineer-w-m-80-%25-at-liechtensteinische-alters-und-krankenhilfe-lak-4459853276,"IT System Engineer (w/m), 80 %",,scraped,2026-09-01T00:41:27.920855,
033dad62d26cfbb3,https://li.linkedin.com/jobs/view/product-communication-manager-all-genders-at-ivoclar-emea-4457263711,Product Communication Manager (all genders),Ivoclar EMEA,posted,2026-09-01T00:41:38.764106,115
259d37139c0eec38,https://li.linkedin.com/jobs/view/project-manager-manufacturing-m-f-x-at-hilti-group-4458048271,Project Manager Manufacturing (m/f/x),,scraped,2026-09-01T00:41:41.350653,
15a402ae7b22d859,https://li.linkedin.com/jobs/view/support-projekt-management-office-50%25-m-w-d-befristet-auf-ein-jahr-at-liechtensteinische-landesverwaltung-4457962505,Support Projekt Management Office 50% (m/w/d) befristet auf ein Jahr,Liechtensteinische Landesverwaltung,posted,2026-09-01T00:41:57.407148,180
54aeff6bf3117333,https://li.linkedin.com/jobs/view/head-of-department-global-it-enterprise-excellence-all-genders-at-ivoclar-emea-4457257774,Head of Department Global IT Enterprise Excellence (all genders),Ivoclar EMEA,posted,2026-09-01T00:42:02.340656,147
e0edb5a2b7145026,https://li.linkedin.com/jobs/view/head-of-department-global-it-enterprise-excellence-all-genders-at-ivoclar-emea-4457243906,Head of Department Global IT Enterprise Excellence (all genders),Ivoclar EMEA,scraped,2026-09-01T00:42:06.531103,
a7ce6675bcbebb7f,https://li.linkedin.com/jobs/view/produktionsspezialist-produktionsanlagen-w-m-d-at-hilti-group-4457794168,Produktionsspezialist Produktionsanlagen (w/m/d),,scraped,2026-09-01T00:42:11.229754,
3d7aa466c6cdcf68,https://li.linkedin.com/jobs/view/gruppenleiter-produktion-all-genders-at-ivoclar-emea-4457264759,Gruppenleiter Produktion (all genders),Ivoclar EMEA,posted,2026-09-01T00:42:24.872630,182
6b5a5904e684a251,https://li.linkedin.com/jobs/view/apprenticeship-as-laboratory-technician-fz-chemistry-2027-all-genders-at-ivoclar-emea-4457258757,Apprenticeship as Laboratory Technician FZ (Chemistry) 2027 (all genders),Ivoclar EMEA,posted,2026-09-01T00:42:30.026698,91
fe69de9b9b578d4f,https://li.linkedin.com/jobs/view/senior-credit-risk-controller-80%25-100%25-f-m-d-at-lgt-private-banking-4458908417,Senior Credit Risk Controller 80% - 100% (f/m/d),,scraped,2026-09-01T00:42:32.568856,
eabf447ad8f6e5b9,https://li.linkedin.com/jobs/view/lehrstelle-kauffrau-kaufmann-fz-d-a-2027-all-genders-at-ivoclar-emea-4457249794,Lehrstelle Kauffrau / Kaufmann FZ (D&A) 2027 (all genders),Ivoclar EMEA,posted,2026-09-01T00:42:45.583429,184
a488e6362845c356,https://li.linkedin.com/jobs/view/lehrstelle-elektroniker-in-fz-2027-all-genders-at-ivoclar-emea-4457257777,Lehrstelle Elektroniker:in FZ 2027 (all genders),Ivoclar EMEA,posted,2026-09-01T00:42:57.023907,186
49d4d9a1972771d8,https://li.linkedin.com/jobs/view/werkstudent-in-compliance-40-100%25-w-m-d-befristet-f%C3%BCr-ca-6-monate-at-bendura-bank-ag-4461046759,"Werkstudent in Compliance 40-100% (w/m/d), befristet für ca. 6 Monate",,scraped,2026-09-01T00:42:59.720824,
4baf8e4be760a04e,https://li.linkedin.com/jobs/view/intern-global-product-management-m-f-x-at-hilti-group-4458090524,Intern - Global Product Management (m/f/x),,scraped,2026-09-01T00:43:08.969820,
222af454c35aef3b,https://li.linkedin.com/jobs/view/internship-data-science-procurement-analytics-cost-modelling-automation-m-f-x-at-hilti-group-4458428556,Internship - Data Science & Procurement Analytics (Cost Modelling Automation) (m/f/x),,scraped,2026-09-01T00:43:19.925671,
8be95dc19720a268,https://li.linkedin.com/jobs/view/praktikant-in-%E2%80%93-datenanalyse-im-bereich-logistik-%E2%80%93-lcn-lager-m-f-x-at-hilti-group-4448420573,Praktikant/in – Datenanalyse im Bereich Logistik – LCN Lager (m/f/x),,scraped,2026-09-01T00:43:26.353950,
d03c2a03852d588c,https://li.linkedin.com/jobs/view/director-strategic-partner-sales-at-remote-4457859523,"Director, Strategic Partner Sales",Remote,posted,2026-09-07T23:31:35.432277,188
7b12263b530d5e23,https://li.linkedin.com/jobs/view/senior-hr-business-partner-100-%25-m-w-d-at-hoval-romania-4462661275,Senior HR Business Partner 100 % (m/w/d),,scraped,2026-09-07T23:31:39.957528,
3eacd1e4a198a510,https://li.linkedin.com/jobs/view/senior-hr-business-partner-100-%25-m-w-d-at-hoval-4462605736,Senior HR Business Partner 100 % (m/w/d),,scraped,2026-09-07T23:31:46.781314,
6ce640a54270745a,https://li.linkedin.com/jobs/view/tax-consultant-corporate-oecd-minimum-tax-at-coni%2Bpartner-ag-4461446360,Tax Consultant Corporate & OECD Minimum Tax,coni+partner AG,posted,2026-09-07T23:31:59.944396,190
017d34b7be67afa1,https://li.linkedin.com/jobs/view/saas-cloud-engineer-100-%25-remote-m-f-d-at-ewor-4462303680,SaaS Cloud Engineer (100 % remote) (m/f/d),,scraped,2026-09-07T23:32:02.518255,
121b3ce6462612c7,https://li.linkedin.com/jobs/view/senior-hr-business-partner-100-%25-m-w-d-at-hoval-united-kingdom-4464007975,Senior HR Business Partner 100 % (m/w/d),,scraped,2026-09-07T23:32:08.981245,
8d0ad062baff1fad,https://li.linkedin.com/jobs/view/senior-hr-business-partner-100-%25-m-w-d-at-hoval-france-4463742941,Senior HR Business Partner 100 % (m/w/d),,scraped,2026-09-07T23:32:15.728605,
2f5e9ffc3531a418,https://li.linkedin.com/jobs/view/junior-actuary-modeling-valuation-100%25-m-w-d-at-prismalife-ag-4459508618,Junior Actuary Modeling & Valuation 100% (m/w/d),,scraped,2026-09-07T23:32:23.442070,
c6ef9621b6b9da56,https://li.linkedin.com/jobs/view/b2b-ai-ml-engineer-100-%25-remote-m-f-d-at-ewor-4462306656,B2B AI/ML Engineer (100 % remote) (m/f/d),,scraped,2026-09-07T23:32:31.242376,
e6bfc8bde84d09b8,https://li.linkedin.com/jobs/view/analyst-risk-valuation-m-w-d-at-bgp-ag-4464089263,Analyst Risk & Valuation (m/w/d),,scraped,2026-09-07T23:32:37.492346,
ae1463e481fb4cc6,https://li.linkedin.com/jobs/view/heizungsinstallateur-m-w-at-marxer-ag-4461764554,Heizungsinstallateur (m/w),,scraped,2026-09-07T23:32:46.088987,
656be2640959705b,https://li.linkedin.com/jobs/view/schaltanlagenmonteur-at-neuelektrik-ag-4461164594,Schaltanlagenmonteur,,scraped,2026-09-07T23:32:56.983466,
bfae559bcd864b57,https://li.linkedin.com/jobs/view/detailhandelsfachmann-frau-ersatzteilelager-80-100%25-m-w-d-at-max-heidegger-ag-4460718001,Detailhandelsfachmann/-frau Ersatzteilelager 80 - 100% (m/w/d),,scraped,2026-09-07T23:33:03.250717,
637da02a523c6aed,https://li.linkedin.com/jobs/view/sanit%C3%A4rinstallateur-m-w-at-marxer-ag-4461751943,Sanitärinstallateur (m/w),,scraped,2026-09-07T23:33:10.513227,
c581991a3415f6d2,https://li.linkedin.com/jobs/view/wir-suchen%0Asachbearbeiter-auftragserfassung-m-w-d-at-wohlwend-transport-ag-4462190903,"Wir suchen
SACHBEARBEITER AUFTRAGSERFASSUNG (M/W/D)",Wohlwend Transport AG,posted,2026-09-07T23:33:39.708114,191
b58af33294635409,https://li.linkedin.com/jobs/view/editor-proofreader-at-ntu-international-a-s-4462441179,Editor / Proofreader,,scraped,2026-09-07T23:33:42.214322,
a97e70debc901834,https://li.linkedin.com/jobs/view/leiter-steuerrecht-m-w-d-at-chaberton-professionals-4459931441,Leiter Steuerrecht (m/w/d),,scraped,2026-09-07T23:33:49.351351,
3b7cc039679162ae,https://li.linkedin.com/jobs/view/logistics-equipment-technical-support-at-ntu-international-a-s-4462425997,Logistics / Equipment / Technical Support,,scraped,2026-09-07T23:33:56.885725,
c08225aa595b5cab,https://li.linkedin.com/jobs/view/senior-accounting-finance-advisor-ai-evaluation-international-at-braintrust-4462115750,Senior Accounting & Finance Advisor - AI Evaluation (International),Braintrust,posted,2026-09-07T23:34:12.978350,193
216e6f9a6940e9d7,https://li.linkedin.com/jobs/view/senior-product-manager-100%25-m-w-d-at-prismalife-ag-4461470136,Senior Product Manager 100% (m/w/d),,scraped,2026-09-07T23:34:17.568966,
4bd56cf558b1ea43,https://li.linkedin.com/jobs/view/senior-internal-auditor-80%25-100%25-f-m-d-at-lgt-private-banking-4462950413,(Senior) Internal Auditor 80%-100% (f/m/d),,scraped,2026-09-07T23:34:28.887925,
2918d1781e952256,https://li.linkedin.com/jobs/view/intern-or-thesis-student-%E2%80%93-procurement-m-f-x-at-hilti-group-4450177263,Intern or thesis student – Procurement [m/f/x],,scraped,2026-09-07T23:34:35.172230,
e8d1108bec7ef32e,https://li.linkedin.com/jobs/view/project-procurement-finance-professionals-at-ntu-international-a-s-4462424917,Project / Procurement / Finance Professionals,,scraped,2026-09-07T23:34:41.739520,
dcabba134d07a408,https://li.linkedin.com/jobs/view/it-support-at-ntu-international-a-s-4462824814,IT Support,,scraped,2026-09-07T23:34:48.895369,
46ad1c4b3c36c9b2,https://li.linkedin.com/jobs/view/administrative-hr-operations-assistant-at-ntu-international-a-s-4462431458,Administrative / HR / Operations Assistant,,scraped,2026-09-07T23:34:56.066107,
89db4d10b78eb39e,https://li.linkedin.com/jobs/view/senior-legal-assistant-at-ntu-international-a-s-4462837859,Senior Legal Assistant,,scraped,2026-09-07T23:35:03.133475,
fff99fdbed43d030,https://li.linkedin.com/jobs/view/intern-%E2%80%93-metallography-and-materials-characterization-in-corporate-research-technology-m-f-x-at-hilti-group-4450145671,Intern – Metallography and Materials Characterization in Corporate Research & Technology (m/f/x),,scraped,2026-09-07T23:35:10.220837,
9638ad74f174cb75,https://li.linkedin.com/jobs/view/attorney-and-lawyer-at-sme-careers-4425616746,Attorney and Lawyer,SME Careers,posted,2026-09-07T23:35:22.818721,195
